Customer ID,System ID,System Name,Design Type,Status,Install Date,,Customer ID,Year,Population,Source,"Total Population (All Years, per Customer)","Total Population (All Customers, All Years)",,Customer ID,Customer Name,Customer Type,School Level,Public or Private,Loc ID,,Loc ID,District,Coordinates
0,0,Inventory,,,,,0,2014,0.00,Calculated,0,821019,,1,Bright Community PS,School,Primary,,1,,1,Kampala,"0.3601293708966226, 32.58169066738784"
1,1,Bright Community PS #1,Lighting Only,Decommissioned,4/26/2015,,1,2015,728.00,Calculated,3710,,,2,91Four RH,Rehabilitation Centre,,Private,2,,2,Kampala,"0.3818776634871091, 32.57618722331179"
2,2,91Four RH #1,Lighting Only,Decommissioned,4/27/2015,,1,2016,732.00,Calculated,3710,,,3,New ABC Divine Mutundwe PS,School,Primary,Private,3,,3,Kampala,"0.2880507249189125, 32.52928308687008"
3,3,New ABC Divine Mutundwe PS #1,Lighting Only,Decommissioned,2/1/2015,,1,2017,750.00,Calculated,3710,,,4,Uplands SS,School,Secondary,,4,,4,Kampala,"0.28906203271888836, 32.53644067260716"
4,4,Uplands SS #1,Lighting Only,Decommissioned,4/19/2015,,1,2018,750.00,Inferred,3710,,,5,Kingstone College SS,School,Secondary,,5,,5,Kayunga,"0.6861210742424927, 32.91984195092618"
5,5,Kingstone College SS #1,Lighting Only,Decommissioned,5/30/2016,,1,2019,750.00,Inferred,3710,,,6,Amity SSS,School,Secondary,,6,,6,Wakiso,"0.35465650364677953, 32.51957103512591"
6,6,Amity SSS #1,Lighting Only,Offline,11/7/2016,,3,2015,67.00,Calculated,2440,,,7,Busega PS,School,Primary,,7,,7,Kampala,"0.3132312882486539, 32.53188300491036"
6,7,Amity SSS #2,Lighting Only,Offline,11/7/2016,,3,2016,67.00,Inferred,2440,,,8,Mackay Memorial PS,School,Primary,Public,8,,8,Kampala,"0.30903486607385955, 32.535037367671556"
7,8,Busega PS #1,Lighting Only,Offline,11/30/2016,,3,2017,67.00,Inferred,2440,,,9,Rubaga Mixed SS,School,Secondary,Private,9,,9,Kampala,"0.3022943,32.5514174"
7,9,Busega PS #2,Lighting Only,Offline,11/30/2016,,3,2018,67.00,Inferred,2440,,,10,Bussiiro SSS,School,Senior Secondary,,10,,10,Luuka,"0.6598452014037094, 33.32671934168296"
8,10,Mackay Memorial PS #1,Lighting Only,Offline,11/12/2016,,3,2019,543.00,Calculated,2440,,,11,New ABC Divine Kangrumila PS,School,Primary,,11,,11,Kangulumira,"0.5793838452068655, 33.03406970177584"
8,11,Mackay Memorial PS #2,Lighting Only,Offline,11/12/2016,,3,2020,543.00,Inferred,2440,,,12,Hope Vision PS,School,Primary,,12,,12,Sekanyonyi,"0.4998602579318533, 32.14239029018143"
9,12,Rubaga Mixed SS #1,Lighting Only,Offline,11/21/2016,,3,2021,543.00,Inferred,2440,,,13,Kasubi Church of Uganda PS,School,Primary,,13,,13,Kampala,"0.32916516656822964, 32.55132789656723"
9,13,Rubaga Mixed SS #2,Lighting Only,Offline,11/21/2016,,3,2022,543.00,Inferred,2440,,,14,Kinaawa Parents Academy SS,School,Secondary,,14,,14,Kampala,"0.2795134750254886, 32.511637702793784"
10,14,Bussiiro SSS #1,Lighting Only,Nearing EOL,11/4/2017,,4,2015,315.00,Calculated,2385,,,15,Little Flower PS/N,School,Primary/Nursery,,15,,15,Kalisizo,"-0.534338,31.6254575"
11,15,New ABC Divine Kangrumila PS #1,Lighting Only,Decommissioned,10/29/2017,,4,2016,320.00,Calculated,2385,,,16,St. Joseph Nkooko SSS,School,Senior Secondary,,16,,16,Nkoko,"0.9614846273101064, 31.428655467144992"
12,16,Hope Vision PS #1,Lighting Only,Offline,12/23/2017,,4,2017,350.00,Calculated,2385,,,17,Victory Junior PS,School,Primary,,17,,17,,"0.5106429,32.364049"
13,17,Kasubi Church of Uganda PS #1,Lighting Only,Abandoned,NA,,4,2018,350.00,Inferred,2385,,,18,ABC Nateete PS,School,Primary,,18,,18,Kampala,"0.3052125,32.537384"
14,18,Kinaawa Parents Academy SS #1,Lighting Only,Decommissioned,11/17/2017,,4,2019,350.00,Inferred,2385,,,19,Kitimba HC,Health Centre,,,19,,19,Mpigi,"0.29660241578113344, 32.26752448769217"
15,19,Little Flower PS/N #1,Lighting Only,Installed,12/9/2017,,4,2020,350.00,Inferred,2385,,,20,Kitimba PS,School,Primary,Public,20,,20,Mpigi,"0.2960196190726445, 32.26807316401277"
16,20,St. Joseph Nkooko SSS #1,Lighting Only,Installed,12/29/2017,,4,2021,350.00,Inferred,2385,,,21,Kisoko SS,School,Secondary,,21,,21,West Budama,"0.7197708749655422, 34.01854492288583"
17,21,Victory Junior PS #1,Lighting Only,Offline,12/14/2017,,5,2016,385.00,Inferred,1456,,,22,Kamugombwa PS,School,Primary,Public,22,,22,Mpigi,"0.27866710151157986, 32.27007301282958"
18,22,ABC Nateete PS #1,Lighting Only,Offline,10/21/2017,,5,2017,385.00,Inferred,1456,,,23,Seeta Bweya PS,School,Primary,Public,23,,23,Mpigi,"0.25467001683840595, 32.245984450269184"
19,23,Kitimba HC #1,Lighting Only,Installed,11/21/2018,,5,2018,322.00,Calculated,1456,,,24,Lukalu PS,School,Primary,Public,24,,24,Mpigi,"0.2572615436892138, 32.27786738929855"
19,24,Kitimba HC #2,Fridge,Decommissioned,11/21/2018,,5,2019,364.00,Calculated,1456,,,25,Lukalu SS,School,Secondary,Public,25,,25,Mpigi,"0.2568425907255054, 32.27777787662353"
20,25,Kitimba PS #1,Lighting Only,Offline,10/15/2018,,6,2016,0.00,Calculated,5172,,,26,New Hope Vocational Institute VS,School,Vocational,,26,,26,Kaihura,"0.6947444520079005, 30.610227337983165"
21,26,Kisoko SS #1,Lighting Only,Installed,6/4/2018,,6,2017,403.00,Calculated,5172,,,27,High Hope PS,School,Primary,,27,,27,Kaihura,"0.6476855367735794, 30.56996820426911"
22,27,Kamugombwa PS #1,Lighting Only,Installed,10/15/2018,,6,2018,414.00,Calculated,5172,,,28,Joy Christian PS,School,Primary,Private,28,,28,Kyenjojo,"0.612186368222477, 30.642939077484414"
23,28,Seeta Bweya PS #1,Lighting Only,Offline,10/15/2018,,6,2019,491.00,Calculated,5172,,,29,Hope Again HC,Health Centre,,,29,,29,Kaihura,"0.6419277456535877, 30.577645473565177"
24,29,Lukalu PS #1,Lighting Only,Installed,10/15/2018,,6,2020,552.00,Calculated,5172,,,30,Mpanga UMEA PS,School,Primary,Public,30,,30,Butambala,"0.29291343557468547, 32.256133810738355"
25,30,Lukalu SS #1,Lighting Only,Installed,10/15/2018,,6,2021,552.00,Inferred,5172,,,31,St. Posiano Lwere PS,School,Primary,Public,31,,31,Butambala,"0.28239605366176257, 32.271656082644"
25,31,Lukalu SS #2,Lighting Only,Offline,10/15/2018,,6,2022,552.00,Inferred,5172,,,32,Kakubo UMEA PS,School,Primary,Public,32,,32,Butambala,"0.27866876712257194, 32.270061356730025"
26,32,New Hope Vocational Institute VS #1,Lighting Only,Installed,1/16/2019,,6,2023,552.00,Inferred,5172,,,33,St. Kizito Bulugu PS,School,Primary,Public,33,,33,Butambala,"0.27196, 32.22813"
27,33,High Hope PS #1,Lighting Only,Nearing EOL,1/22/2019,,6,2024,552.00,Inferred,5172,,,34,Kaggulwe PS,School,Primary,Public,34,,34,Butambala,
28,34,Joy Christian PS #1,Lighting Only,Nearing EOL,1/28/2019,,6,2025,552.00,Inferred,5172,,,35,Kaggulwe SS,School,Secondary,Public,35,,35,Butambala,
29,35,Hope Again HC #1,Lighting Only,Nearing EOL,1/31/2019,,6,2026,552.00,Inferred,5172,,,36,Kabasanda UMEA PS,School,Primary,Public,36,,36,Butambala,"0.2640463735216982, 32.225413077584435"
31,36,St. Posiano Lwere PS #1,Lighting Only,Abandoned,NA,,7,2016,297.00,Calculated,1592,,,37,Kabasanda HC II,Health Centre,,,37,,37,Butambala,
31,37,St. Posiano Lwere PS #2,Lighting Only,Abandoned,NA,,7,2017,323.00,Calculated,1592,,,38,Sayidina Abubakar SS,School,Secondary,Public,38,,38,Butambala,"0.2670887832784029, 32.221034026252795"
30,38,Mpanga UMEA PS #1,Lighting Only,Installed,4/20/2021,,7,2018,338.00,Calculated,1592,,,39,Nsonzibirye UMEA PS,School,Primary,,39,,39,,"0.29165164572113117, 32.20493541489415"
30,39,Mpanga UMEA PS #2,Lighting Only,Abandoned,NA,,7,2019,270.00,Calculated,1592,,,40,Kawami C/U PS,School,Primary,Public,40,,40,Butambala,"0.21131643187858895, 32.20998903344768"
32,40,Kakubo UMEA PS #1,Lighting Only,Installed,4/24/2021,,7,2020,52.00,Calculated,1592,,,41,Kawami C/S PS,School,Primary,Public,41,,41,Butambala,"0.21702231068504635, 32.20161073195926"
32,41,Kakubo UMEA PS #2,Lighting Only,Abandoned,NA,,7,2021,52.00,Inferred,1592,,,42,Kisununu C/S PS,School,Primary,Public,42,,42,Butambala,
38,42,Sayidina Abubakar SS #1,Lighting Only,Design,NA,,7,2022,52.00,Inferred,1592,,,43,Kikunyu PS,School,Primary,Private,43,,43,Butambala,"0.16053803363018557, 32.22912684457227"
38,43,Sayidina Abubakar SS #2,Lighting Only,Design,NA,,7,2023,52.00,Inferred,1592,,,44,Kikunyu Modern PS,School,Primary,,44,,44,,"0.2505706550130355, 32.2028910604319"
38,44,Sayidina Abubakar SS #3,Lighting Only,Design,NA,,7,2024,52.00,Inferred,1592,,,45,St. Joseph Kikkunyu PS,School,Primary,Public,45,,45,Butambala,"0.29084072056539617, 32.20643998095017"
33,45,St. Kizito Bulugu PS #1,Lighting Only,Installed,5/17/2021,,7,2025,52.00,Inferred,1592,,,46,Kilokola HC II,Health Centre,,,46,,46,,"0.23309606746088915, 32.19170124393598"
33,46,St. Kizito Bulugu PS #2,Lighting Only,Abandoned,NA,,7,2026,52.00,Inferred,1592,,,47,Mavugeera Umea PS,School,Primary,Public,47,,47,Butambala,"0.2260857725592653, 32.20184334409765"
35,47,Kaggulwe SS #1,Lighting Only,Design,NA,,8,2016,800.00,Calculated,8651,,,48,Buyenga Q/S PS,School,Primary,Public,48,,48,Butambala,"0.2426636393601461, 32.21167347705285"
35,48,Kaggulwe SS #2,Lighting Only,Design,NA,,8,2017,796.00,Calculated,8651,,,49,Senge HC III,Health Centre,,,49,,49,Butambala,
36,49,Kabasanda UMEA PS #1,Lighting Only,Design,NA,,8,2018,799.00,Calculated,8651,,,50,Butambala School for the Deaf PS,School,Primary,,50,,50,,
36,50,Kabasanda UMEA PS #2,Lighting Only,Abandoned,NA,,8,2019,803.00,Calculated,8651,,,51,Kibibi UMEA PS,School,Primary,Public,51,,51,Butambala,"0.23093761359084192, 32.17586519778935"
42,51,Kisununu C/S PS #1,Lighting Only,Abandoned,NA,,8,2020,779.00,Calculated,8651,,,52,Kibibi SS,School,Secondary,Public,52,,52,Butambala,"0.23088669588942642, 32.18135739785007"
34,52,Kaggulwe PS #1,Lighting Only,Design,NA,,8,2021,779.00,Inferred,8651,,,53,Kibibi C/U PS,School,Primary,Public,53,,53,Butambala,"0.23372, 32.16926"
34,53,Kaggulwe PS #2,Lighting Only,Abandoned,NA,,8,2022,779.00,Inferred,8651,,,54,Bwebukya UMEA PS,School,Primary,,54,,54,,"0.2292197939594243, 32.15594218958148"
41,54,Kawami C/S PS #1,Lighting Only,Installed,5/4/2021,,8,2023,779.00,Inferred,8651,,,55,Simba Islamic PS,School,Primary,Public,55,,55,Butambala,"0.24338529610769266, 32.16047135543981"
48,55,Buyenga Q/S PS #1,Lighting Only,Installed,5/12/2021,,8,2024,779.00,Inferred,8651,,,56,Katabira Parents PS,School,Primary,,56,,56,,
49,56,Senge HC III #1,Lighting Only,Design,NA,,8,2025,779.00,Inferred,8651,,,57,Bujumba C/S PS,School,Primary,,57,,57,,
49,57,Senge HC III #2,Lighting Only,Design,NA,,8,2026,779.00,Inferred,8651,,,58,Mabanda Islamic PS,School,Primary,,58,,58,,
47,58,Mavugeera Umea PS #1,Lighting Only,Abandoned,NA,,9,2016,348.00,Calculated,3209,,,59,Mabanda C/S PS,School,Primary,,59,,59,,
35,59,Kaggulwe SS #3,Lighting Only,Design,NA,,9,2017,354.00,Calculated,3209,,,60,Mitwetwe Parents PS,School,Primary,,60,,60,,
45,60,St. Joseph Kikkunyu PS #1,Lighting Only,Installed,4/29/2021,,9,2018,352.00,Calculated,3209,,,61,Lugoye UMEA PS,School,Primary,,61,,61,,
40,61,Kawami C/U PS #1,Lighting Only,Offline,5/8/2021,,9,2019,356.00,Calculated,3209,,,62,Kayenje C/S PS,School,Primary,Public,62,,62,Butambala,"0.18126463548449379, 32.094237314499466"
43,62,Kikunyu PS #1,Lighting Only,Abandoned,NA,,9,2020,257.00,Calculated,3209,,,63,Gwatiro C/U PS,School,Primary,,63,,63,,
28,63,Joy Christian PS - Classroom #1,Lighting Only,Design,NA,,9,2021,257.00,Inferred,3209,,,64,Kayenje C/U PS,School,Primary,Public,64,,64,Butambala,"0.1847286065167981, 32.099080338263235"
28,64,Joy Christian PS - Classroom #2,Lighting Only,Design,NA,,9,2022,257.00,Inferred,3209,,,65,Kwezi Muslim PS,School,Primary,,65,,65,,
28,65,Joy Christian PS - Dorms #1,Lighting Only,Design,NA,,9,2023,257.00,Inferred,3209,,,66,Bunyenye UMEA PS,School,Primary,,66,,66,,
28,66,Joy Christian PS - Dorms #2,Lighting Only,Abandoned,NA,,9,2024,257.00,Inferred,3209,,,67,Budde SS,School,Secondary,Public,67,,67,Butambala,"0.13061169040075618, 32.18117026633471"
103,67,Bulo HC III #1,Lighting Only,Installed,12/11/2021,,9,2025,257.00,Inferred,3209,,,68,Kibugga C/S PS,School,Primary,,68,,68,Butambala,"0.11172639963379372, 31.999061241658268"
104,68,Ngando HC III #1,Lighting Only,Installed,11/13/2021,,9,2026,257.00,Inferred,3209,,,69,Ssempiira Ben PS,School,Primary,Public,69,,69,Butambala,"0.1868032943847937, 32.13792670223035"
105,69,Kyabadaza HC III #1,Lighting Only,Installed,11/13/2021,,10,2017,"1,255.00",Calculated,15514,,,70,Gombe SS,School,Secondary,,70,,70,,
31,70,St. Posiano Lwere PS #1,Lighting Only,Installed,12/11/2021,,10,2018,"1,024.00",Calculated,15514,,,71,Kasoso C/S PS,School,Primary,,71,,71,,"0.14026131789630597, 32.0798361583464"
55,71,Simba Islamic PS #1,Lighting Only,Installed,12/4/2021,,10,2019,"1,417.00",Calculated,15514,,,72,Kyerima UMEA PS,School,Primary,,72,,72,,
68,72,Kibugga C/S PS #1,Lighting Only,Installed,11/27/2021,,10,2020,"1,474.00",Calculated,15514,,,73,Ssenyomo C/S PS,School,Primary,Public,73,,73,Butambala,"0.18020, 32.11317"
62,73,Kayenje C/S PS #1,Lighting Only,Installed,11/20/2021,,10,2021,"1,674.00",Calculated,15514,,,74,Kinoni PS,School,Primary,Public,74,,74,Butambala,"0.21675172322037695, 32.117385894462295"
64,74,Kayenje C/U PS #1,Lighting Only,Installed,11/13/2021,,10,2022,"1,515.00",Calculated,15514,,,75,Gombe UMEA PS,School,Primary,Public,75,,75,Butambala,"0.18068091169246886, 32.118396799812096"
98,75,Bulo C/S PS #1,Lighting Only,Installed,11/27/2021,,10,2023,"1,564.00",Calculated,15514,,,76,Ntolomwe UMEA PS,School,Primary,,76,,76,,
99,76,Bwetyaba UMEA PS #1,Lighting Only,Installed,11/20/2021,,10,2024,"1,763.00",Calculated,15514,,,77,Ntolomwe C/S PS,School,Primary,Public,77,,77,Butambala,"0.1468613348941984, 32.11477591509497"
52,77,Kibibi SS #1,Lighting Only,Nearing EOL,12/11/2021,,10,2025,"1,914.00",Calculated,15514,,,78,Mayungwe C/U PS,School,Primary,Public,78,,78,Butambala,"0.14015245574468982, 32.06178158329074"
67,78,Budde SS #1,Lighting Only,Installed,11/20/2021,,10,2026,"1,914.00",Inferred,15514,,,79,St. Peters Muyungwe SS,School,Secondary,,79,,79,,
84,79,Butawuka Magezi Ntake SS #1,Lighting Only,Installed,11/27/2021,,11,2017,373.00,Calculated,3735,,,80,Makulungo UMEA PS,School,Primary,Public,80,,80,Butambala,"0.18061764512799813, 32.18760262886709"
85,80,Cardinal Wamala SS #1,Lighting Only,Installed,12/4/2021,,11,2018,413.00,Calculated,3735,,,81,Budde UMEA PS,School,Primary,Public,81,,81,Butambala,"0.1263374116478305, 32.18551211374405"
90,81,Kitagobwa SS #1,Lighting Only,Installed,12/4/2021,,11,2019,417.00,Calculated,3735,,,82,Lugala C/S PS,School,Primary,,82,,82,,
200,82,Mustard Seed Academy PS/N #1,Lighting Only,Installed,8/5/2024,,11,2020,633.00,Calculated,3735,,,83,Lugala C/U PS,School,Primary,Public,83,,83,Butambala,"0.1407569170113463, 32.18287077158109"
186,83,Kasaka SSS #1,Lighting Only,Installed,2/19/2025,,11,2021,633.00,Inferred,3735,,,84,Butawuka Magezi Ntake SS,School,Secondary,Public,84,,84,Butambala,"0.11344504112973917, 32.00904403300039"
213,84,All We Are #1,Lighting Only,Installed,3/14/2025,,11,2022,633.00,Inferred,3735,,,85,Cardinal Wamala SS,School,Secondary,Public,85,,85,Butambala,"0.11923614258981283, 31.994115015108996"
213,85,All We Are #2,Lighting Only,Installed,3/14/2025,,11,2023,633.00,Inferred,3735,,,86,Kiwaala UMEA PS,School,Primary,,86,,86,,"0.0727812563196929, 31.866842462471762"
200,86,Mustard Seed Academy SS #2,Lighting Only,Installed,5/16/2025,,12,2017,315.00,Calculated,3396,,,87,Nakatooke UMEA PS,School,Primary,,87,,87,,"0.11345498833282545, 32.044857800787376"
211,87,Kanoni Modern C/S P/N #1,Lighting Only,Installed,6/5/2025,,12,2018,340.00,Calculated,3396,,,88,Nawango C/U PS,School,Primary,Public,88,,88,Butambala,"0.11021457110359154, 32.02463142670702"
204,88,Gomba Parents PS #1,Lighting Only,Installed,6/12/2025,,12,2019,298.00,Calculated,3396,,,89,Bulo Parents SS,School,Secondary,,89,,89,,"0.11864076587868344, 31.999104860629497"
210,89,Aidah And Topher PS #1,Lighting Only,Installed,6/18/2025,,12,2020,349.00,Calculated,3396,,,90,Kitagobwa SS,School,Secondary,Public,90,,90,Butambala,"0.10297309196381126, 31.927566751566033"
162,90,Bukandula Mixed SS #1,Lighting Only,Installed,6/25/2025,,12,2021,349.00,Inferred,3396,,,91,Butawuka UMEA PS,School,Primary,Public,91,,91,Butambala,"0.11258696972303399, 32.01010560832316"
214,91,St. Joseph's VS/SS #1,Lighting Only,Installed,7/2/2025,,12,2022,349.00,Inferred,3396,,,92,Bule UMEA PS,School,Primary,,92,,92,,"0.10863638964567704, 31.974737970104545"
214,92,St. Joseph's VS/SS #2,Lighting Only,Installed,7/2/2025,,12,2023,349.00,Inferred,3396,,,93,Nkokooma C/S PS,School,Primary,,93,,93,,"0.10600783404685961, 31.9507158207815"
150,93,Mpenja SS #1,Lighting Only,Installed,7/9/2025,,12,2024,349.00,Inferred,3396,,,94,Kitagobwa C/S PS,School,Primary,,94,,94,,"0.0952272279750871, 31.93326964035776"
153,94,Kyayi Seed SS #1,Lighting Only,Installed,7/16/2025,,12,2025,349.00,Inferred,3396,,,95,Bugobango C/U PS,School,Primary,,95,,95,,
187,95,St. Leonard's SS #1,Lighting/USB Charging,Installed,10/20/2025,,12,2026,349.00,Inferred,3396,,,96,Kitagobwa UMEA PS,School,Primary,,96,,96,,"0.10243940200921828, 31.927577161401743"
189,96,Kisozi Seed SS #1,Lighting/USB Charging,Installed,10/27/2025,,14,2017,180.00,Calculated,1823,,,97,Bulo Quran PS,School,Primary,Public,97,,97,Butambala,"0.11577, 31.99839"
215,97,St. Maria Goretti PS #1,Lighting Only,Installed,11/8/2025,,14,2018,214.00,Calculated,1823,,,98,Bulo C/S PS,School,Primary,Public,98,,98,Butambala,"0.11554, 31.99610"
215,98,St. Maria Goretti PS #2,Loads,Installed,11/8/2025,,14,2019,225.00,Calculated,1823,,,99,Bwetyaba UMEA PS,School,Primary,Public,99,,99,Butambala,"0.07669294389334638, 31.938332965612627"
216,99,Hillside PS #1,Lighting Only,Installed,11/4/2025,,14,2020,301.00,Calculated,1823,,,100,Waduduma PS,School,Primary,,100,,100,,
217,100,Vision Park Junior PS #1,Lighting/USB Charging,Installed,1/2/2026,,14,2021,301.00,Inferred,1823,,,101,Butende UMEA PS,School,Primary,,101,,101,,
200,101,Mustard Seed Academy PS Dormitory #3,Lighting/USB Charging,Installed,1/2/2026,,14,2022,301.00,Inferred,1823,,,102,Bulo HC II,Health Centre,,,102,,102,,
,,,,,,,14,2023,301.00,Inferred,1823,,,103,Bulo HC III,Health Centre,,,103,,103,Butambala,"0.1132195356143764, 31.998843355928518"
,,,,,,,15,2017,471.00,Calculated,4319,,,104,Ngando HC III,Health Centre,,,104,,104,Butambala,"0.07585647329221862, 31.925437936171036"
,,,,,,,15,2018,484.00,Calculated,4319,,,105,Kyabadaza HC III,Health Centre,,,105,,105,,"0.1209112570014584, 32.18190175541943"
,,,,,,,15,2019,475.00,Calculated,4319,,,106,Kyambala Moslem PS,School,Primary,Public,106,,106,Kalungu,"-0.15252123868528306, 31.80362391594264"
,,,,,,,15,2020,475.00,Inferred,4319,,,107,Kyambala R/C PS,School,Primary,Public,107,,107,Kalungu,"-0.15578749220322632, 31.801446405754273"
,,,,,,,15,2021,0.00,Calculated,4319,,,108,Namwanzi PS,School,Primary,Public,108,,108,Kalungu,"-0.23794, 31.83046"
,,,,,,,15,2022,440.00,Calculated,4319,,,109,Bukulula M PS,School,Primary,,109,,109,,
,,,,,,,15,2023,461.00,Calculated,4319,,,110,Kamutuuza Tower PS,School,Primary,Public,110,,110,Kalungu,"-0.24161, 31.82953"
,,,,,,,15,2024,491.00,Calculated,4319,,,111,St. Joseph Kalangala PS,School,Primary,Public,111,,111,Kalungu,"-0.15417, 31.87530"
,,,,,,,15,2025,511.00,Calculated,4319,,,112,Bugonzi R/C PS,School,Primary,Public,112,,112,Kalungu,"-0.24920720644961758, 31.824797601395936"
,,,,,,,15,2026,511.00,Inferred,4319,,,113,Kiticope PS,School,Primary,Public,113,,113,Kalungu,"-0.07793915489035481, 31.866126005453552"
,,,,,,,16,2017,137.00,Calculated,2016,,,114,Kiwoomya PS,School,Primary,Public,114,,114,Kalungu,"-0.09208, 31.86676"
,,,,,,,16,2018,181.00,Calculated,2016,,,115,Kyato R/C PS,School,Primary,Public,115,,115,Kalungu,"-0.19804, 31.72115"
,,,,,,,16,2019,190.00,Calculated,2016,,,116,Kabukunge Demonstration PS,School,Primary,Public,116,,116,Kalungu,"-0.19972, 31.75321"
,,,,,,,16,2020,217.00,Calculated,2016,,,117,Kabungo PS,School,Primary,Public,117,,117,Kalungu,"-0.15088029464901268, 31.77741919352805"
,,,,,,,16,2021,0.00,Calculated,2016,,,118,Bulawula PS,School,Primary,Public,118,,118,Kalungu,"-0.17723, 31.78805"
,,,,,,,16,2022,170.00,Calculated,2016,,,119,Kalongo C/U PS,School,Primary,,119,,119,,
,,,,,,,16,2023,216.00,Calculated,2016,,,120,Mapeera SS,School,Secondary,,120,,120,,
,,,,,,,16,2024,295.00,Calculated,2016,,,121,Kigasa Baptist PS,School,Primary,Public,121,,121,Kalungu,"-0.07079, 31.79914"
,,,,,,,16,2025,305.00,Calculated,2016,,,122,Kitulikizi PS,School,Primary,Public,122,,122,Kalungu,"-0.08224461860985825, 31.749140456131297"
,,,,,,,16,2026,305.00,Inferred,2016,,,123,St. Gertrude Kyamulibwa Girls PS,School,Primary,Public,123,,123,Kalungu,"-0.07803, 31.75107"
,,,,,,,17,2017,256.00,Calculated,3357,,,124,Kabaale Lukaya C/U PS,School,Primary,Public,124,,124,Kalungu,"0.15800, 31.81800"
,,,,,,,17,2018,293.00,Calculated,3357,,,125,St. Kizito Kyam PS,School,Primary,Private,125,,125,Kalungu,"-0.08297291621774719, 31.75671479531341"
,,,,,,,17,2019,302.00,Calculated,3357,,,126,Kisaana SS,School,Secondary,,126,,126,,
,,,,,,,17,2020,349.00,Calculated,3357,,,127,Kiwaawo Muslim PS,School,Primary,Public,127,,127,Kalungu,"-0.1079621366788804, 31.785856243575587"
,,,,,,,17,2021,0.00,Calculated,3357,,,128,Kitosi Muslim Theological Institute PS,School,Primary,Public,128,,128,Kalungu,"-0.18868, 31.66307"
,,,,,,,17,2022,357.00,Calculated,3357,,,129,Bwesa PS,School,Primary,,129,,129,,
,,,,,,,17,2023,641.00,Calculated,3357,,,130,St. John Ttowa PS,School,Primary,,130,,130,,
,,,,,,,17,2024,381.00,Calculated,3357,,,131,Kapere Parents PS,School,Primary,Public,131,,131,Kalungu,"-0.15417, 31.87530"
,,,,,,,17,2025,389.00,Calculated,3357,,,132,Kalungi C/U PS,School,Primary,,132,,132,,
,,,,,,,17,2026,389.00,Inferred,3357,,,133,Kapere Memorial PS,School,Primary,Public,133,,133,Kalungu,"-0.15691, 31.86996"
,,,,,,,18,2017,226.00,Calculated,2086,,,134,Bajja P7 PS,School,Primary,Public,134,,134,Kalungu,"-0.16093, 31.86529"
,,,,,,,18,2018,194.00,Calculated,2086,,,135,Bukulula HC IV,Health Centre,,Public,135,,135,Kalungu,"-0.18089285974177072, 31.84529173546293"
,,,,,,,18,2019,210.00,Calculated,2086,,,136,Kiti HC III,Health Centre,,,136,,136,Kalungu,"-0.08031980336784357, 31.866745207104096"
,,,,,,,18,2020,208.00,Calculated,2086,,,137,Kyambala HC,Health Centre,,Private,137,,137,Kalungu,"-0.13112, 31.82904"
,,,,,,,18,2021,208.00,Inferred,2086,,,138,Nabutongwa HC II,Health Centre,,Public,138,,138,Kalungu,"-0.1996698629628177, 31.75263498769503"
,,,,,,,18,2022,208.00,Inferred,2086,,,139,Kalungu HC III,Health Centre,,Public,139,,139,Kalungu,"-0.17130, 31.75855"
,,,,,,,18,2023,208.00,Inferred,2086,,,140,Kigaaju HC II,Health Centre,,,140,,140,Kalungu,"-0.012183295754581745, 31.740595415344675"
,,,,,,,18,2024,208.00,Inferred,2086,,,141,Kasambya (Kalungu) HC III,Health Centre,,,141,,141,,
,,,,,,,18,2025,208.00,Inferred,2086,,,142,Kiragga HC III,Health Centre,,,142,,142,Kalungu,"-0.07862, 31.74773"
,,,,,,,18,2026,208.00,Inferred,2086,,,143,Kabaale HC III,Health Centre,,,143,,143,Kalungu,"-0.09471, 31.81289"
,,,,,,,19,2018,"10,544.00",Calculated,77069,,,144,Kyamulibwa HC III,Health Centre,,,144,,144,,"-0.078717228978193, 31.747543279763715"
,,,,,,,19,2019,"10,544.00",Calculated,77069,,,145,Kigasa HC II,Health Centre,,,145,,145,,
,,,,,,,19,2020,"5,984.00",Calculated,77069,,,146,Lukaya HC III,Health Centre,,,146,,146,,
,,,,,,,19,2021,"6,497.00",Calculated,77069,,,147,Mpongo C/U PS,School,Primary,Public,147,,147,Gomba,"0.18713, 32.03866"
,,,,,,,19,2022,"6,500.00",Calculated,77069,,,148,Nakulamudde PS,School,Primary,,148,,148,,
,,,,,,,19,2023,"7,400.00",Calculated,77069,,,149,Busolo C/U PS,School,Primary,,149,,149,,
,,,,,,,19,2024,"9,800.00",Calculated,77069,,,150,Mpenja SS,School,Secondary,Public,150,,150,Gomba,"0.22446801701869717, 32.052420229275"
,,,,,,,19,2025,"9,900.00",Calculated,77069,,,151,Kasaka PS,School,Primary,Public,151,,151,Gomba,"0.1884751064299867, 31.898518189612904"
,,,,,,,19,2026,"9,900.00",Inferred,77069,,,152,Kunda Brain Trust PS,School,Primary,,152,,152,,
,,,,,,,20,2018,213.00,Calculated,1275,,,153,Kyayi Seed SS,School,Secondary,Public,153,,153,Gomba,"0.21451, 31.39893"
,,,,,,,20,2019,214.00,Calculated,1275,,,154,Kimuwanyi PS,School,Primary,Public,154,,154,Gomba,"0.19266, 32.00036"
,,,,,,,20,2020,212.00,Calculated,1275,,,155,Ndoddo C/U PS,School,Primary,Public,155,,155,Gomba,"0.12337063555125781, 31.98177512719723"
,,,,,,,20,2021,0.00,Calculated,1275,,,156,Ssaali PS,School,Primary,,156,,156,,
,,,,,,,20,2022,0.00,Calculated,1275,,,157,Nakiju PS,School,Primary,Public,157,,157,Gomba,"0.16221336738229641, 31.915695473070965"
,,,,,,,20,2023,0.00,Calculated,1275,,,158,Kirungu PS,School,Primary,Public,158,,158,Gomba,"0.15506, 31.89503"
,,,,,,,20,2024,212.00,Inferred,1275,,,159,Nsambwe C/U PS,School,Primary,Public,159,,159,Gomba,"0.14694, 31.88979"
,,,,,,,20,2025,212.00,Inferred,1275,,,160,Bukandula Umea PS,School,Primary,Public,160,,160,Gomba,"0.17285, 31.84392"
,,,,,,,20,2026,212.00,Inferred,1275,,,161,Kiribedda PS,School,Primary,Public,161,,161,Gomba,"0.14544, 31.89147"
,,,,,,,21,2018,149.00,Calculated,3753,,,162,Bukandula Mixed SS,School,Secondary,Public,162,,162,Gomba,"0.16821046769081874, 31.83270331495879"
,,,,,,,21,2019,185.00,Calculated,3753,,,163,Kalwanga PS,School,Primary,Public,163,,163,Gomba,"0.13323701223084095, 31.783403908496595"
,,,,,,,21,2020,285.00,Calculated,3753,,,164,Maddu C/S PS,School,Primary,Public,164,,164,Gomba,"0.2166348610875326, 31.666783036320126"
,,,,,,,21,2021,285.00,Inferred,3753,,,165,Kigezi-Kiwumulo C/U PS,School,Primary,Public,165,,165,Gomba,"0.27457641339464145, 31.60626609165994"
,,,,,,,21,2022,328.00,Calculated,3753,,,166,Lwansasi C/U PS,School,Primary,Public,166,,166,Gomba,"0.24184, 31.63101"
,,,,,,,21,2023,440.00,Calculated,3753,,,167,Ngomanene HC III,Health Centre,,Public,167,,167,Gomba,"0.2170071520379399, 31.9986459271497"
,,,,,,,21,2024,605.00,Calculated,3753,,,168,Mpenja HC III,Health Centre,,Public,168,,168,Gomba,"0.2238863018256405, 32.05212389462284"
,,,,,,,21,2025,738.00,Calculated,3753,,,169,Kanziira HC II,Health Centre,,,169,,169,,
,,,,,,,21,2026,738.00,Inferred,3753,,,170,Ngeribalya HC II,Health Centre,,Public,170,,170,Gomba,"0.15020755704176933, 32.01784274474285"
,,,,,,,22,2018,396.00,Calculated,2665,,,171,Kanoni HC III,Health Centre,,,171,,171,Gomba,"0.17011188416666634, 31.905192229280704"
,,,,,,,22,2019,327.00,Calculated,2665,,,172,Kawerimidde HC II,Health Centre,,,172,,172,,
,,,,,,,22,2020,344.00,Calculated,2665,,,173,Namabeya HC II,Health Centre,,,173,,173,Gomba,"0.14400113460122432, 31.883897770183253"
,,,,,,,22,2021,0.00,Calculated,2665,,,174,Bukalagi HC III (PNFP),Health Centre,,,174,,174,,
,,,,,,,22,2022,358.00,Calculated,2665,,,175,Rapha MC HC (PNFP),Health Centre,,,175,,175,,
,,,,,,,22,2023,310.00,Calculated,2665,,,176,Mamba HC III,Health Centre,,,176,,176,Gomba,"0.2528746692741729, 31.824282843101265"
,,,,,,,22,2024,310.00,Inferred,2665,,,177,Bulwadda HC II,Health Centre,,,177,,177,,
,,,,,,,22,2025,310.00,Inferred,2665,,,178,Mawuki HC II,Health Centre,,,178,,178,Gomba,"0.11566707377171573, 31.86889940173333"
,,,,,,,22,2026,310.00,Inferred,2665,,,179,Kisozi HC III,Health Centre,,,179,,179,,
,,,,,,,23,2018,265.00,Calculated,1773,,,180,Kasambya HC II,Health Centre,,,180,,180,,
,,,,,,,23,2019,251.00,Calculated,1773,,,181,Buyanja HC II,Health Centre,,Public,181,,181,Gomba,"0.18095, 31.49552"
,,,,,,,23,2020,256.00,Calculated,1773,,,182,Kyayi HC III,Health Centre,,Public,182,,182,Gomba,"0.21640, 31.39673"
,,,,,,,23,2021,0.00,Calculated,1773,,,183,Kifampa HC III,Health Centre,,Public,183,,183,Gomba,"0.12171043130412852, 31.760112153189997"
,,,,,,,23,2022,290.00,Calculated,1773,,,184,Kitwe HC II,Health Centre,,Public,184,,184,Gomba,"0.2170646997014763, 31.667724102543943"
,,,,,,,23,2023,237.00,Calculated,1773,,,185,Maddu HC IV,Health Centre,,Public,185,,185,Gomba,"0.21294069993101414, 31.669091543856222"
,,,,,,,23,2024,237.00,Inferred,1773,,,186,Kasaka SSS,School,Secondary,,186,,186,Gomba,"0.18439681566284538, 31.901187131128054"
,,,,,,,23,2025,237.00,Inferred,1773,,,187,St. Leonard's SS,School,Secondary,,187,,187,Gomba,"0.209640781035405, 31.67042415679149"
,,,,,,,24,2018,791.00,Calculated,6469,,,188,Buyinjabutoole PS,School,Primary,,188,,188,Gomba,"0.22279612639769725, 32.05561902297516"
,,,,,,,24,2019,728.00,Calculated,6469,,,189,Kisozi Seed SS,School,Secondary,Public,189,,189,Gomba,"0.07147331414145795, 31.598613791264945"
,,,,,,,24,2020,726.00,Calculated,6469,,,190,Bukandula C/U PS,School,Primary,,190,,190,,
,,,,,,,24,2021,0.00,Calculated,6469,,,191,Kyabagamba PS,School,Primary,,191,,191,,
,,,,,,,24,2022,852.00,Calculated,6469,,,192,Mamba C/U PS,School,Primary,,192,,192,,
,,,,,,,24,2023,843.00,Calculated,6469,,,193,Kisozi Boarding PS,School,Primary,Public,193,,193,Gomba,"0.07797566989644518, 31.590144422231127"
,,,,,,,24,2024,843.00,Inferred,6469,,,194,St. Joseph Kayanja PS,School,Primary,Private,194,,194,Kalungu,"-0.16489, 31.86312"
,,,,,,,24,2025,843.00,Inferred,6469,,,195,Novic PS,School,Primary,Private,195,,195,Kalungu,"-0.1518799672465151, 31.865008962347122"
,,,,,,,24,2026,843.00,Inferred,6469,,,196,Kings High School SS,School,Secondary,Private,196,,196,Kalungu,"-0.10426, 31.88257"
,,,,,,,25,2018,592.00,Calculated,5748,,,197,St. Jude PS,School,Primary,Private,197,,197,Kalungu,"-0.13550, 31.89557"
,,,,,,,25,2019,632.00,Calculated,5748,,,198,Lyna Infants PS,School,Primary,Private,198,,198,Kalungu,"-0.14444, 31.87818"
,,,,,,,25,2020,570.00,Calculated,5748,,,199,Nnunda PS,School,Primary,Private,199,,199,Kalungu,"-0.02510, 31.79351"
,,,,,,,25,2021,725.00,Calculated,5748,,,200,Mustard Seed Academy PS/SS/N,School,Primary/Secondary/Nursery,Public,200,,200,Kalungu,"-0.16061744615813445, 31.880425277524857"
,,,,,,,25,2022,503.00,Calculated,5748,,,201,Waggwa High School SS,School,Secondary,Public,201,,201,Kalungu,"-0.13849, 31.88668"
,,,,,,,25,2023,618.00,Calculated,5748,,,202,Kabulasoke SS,School,Secondary,,202,,202,,
,,,,,,,25,2024,706.00,Calculated,5748,,,203,Kasaka Child Development,School,,Public,203,,203,Gomba,"0.1884751064299867, 31.898518189612904"
,,,,,,,25,2025,701.00,Calculated,5748,,,204,Gomba Parents PS,School,Primary,Private,204,,204,Gomba,"0.16366181335579397, 31.910778997005387"
,,,,,,,25,2026,701.00,Inferred,5748,,,205,Uganda Martyrs SSS,School,Senior Secondary,Private,205,,205,Gomba,"0.1762745754990052, 31.8569273011181"
,,,,,,,26,2019,134.00,Calculated,870,,,206,St. Ann Learning Center,School,,Private,206,,206,,
,,,,,,,26,2020,93.00,Calculated,870,,,207,Bukandula Parents PS,School,Primary,Private,207,,207,,"0.16993096612445563, 31.83331951262961"
,,,,,,,26,2021,138.00,Calculated,870,,,208,Buty'Omuddo Junior,School,,Private,208,,208,,
,,,,,,,26,2022,134.00,Calculated,870,,,209,St. John's Kasaka PS,School,Primary,Public,209,,209,,
,,,,,,,26,2023,104.00,Calculated,870,,,210,Aidah And Topher PS,School,Primary,Private,210,,210,Gomba,"0.17428544942086127, 31.91015049417841"
,,,,,,,26,2024,121.00,Calculated,870,,,211,Kanoni Modern C/S PS/N,School,Primary/Nursery,Private,211,,211,Gomba,"0.1747284454969942, 31.906933266458957"
,,,,,,,26,2025,73.00,Calculated,870,,,212,Kanoni UMEA PS,School,Primary,,212,,212,Gomba,"0.17355553853524686, 31.906519724719"
,,,,,,,26,2026,73.00,Inferred,870,,,213,All We Are,N/A,N/A,N/A,213,,213,Wakiso,"0.18904801655234693, 32.41820991406409"
,,,,,,,27,2019,206.00,Calculated,1870,,,214,St. Joseph's VS/SS,School,Vocational/Secondary,Private,,,214,Gomba,"0.21489234232271084, 32.04185780572558"
,,,,,,,27,2020,187.00,Calculated,1870,,,215,St. Maria Goretti PS,School,Primary,Private,,,215,,"0.5761430855883503, 31.71955437174706"
,,,,,,,27,2021,0.00,Calculated,1870,,,216,Hillside PS,School,Primary,Private,,,216,Gomba,"0.22297357807829282, 31.673943329130143"
,,,,,,,27,2022,274.00,Calculated,1870,,,217,Vision Park Junior PS,School,Primary,Private,217,,217,Kalungu,"-0.1478538465772722, 31.87759147236952"
,,,,,,,27,2023,280.00,Calculated,1870,,,,,,,,,,,,
,,,,,,,27,2024,303.00,Calculated,1870,,,,,,,,,,,,
,,,,,,,27,2025,310.00,Calculated,1870,,,,,,,,,,,,
,,,,,,,27,2026,310.00,Inferred,1870,,,,,,,,,,,,
,,,,,,,28,2019,220.00,Calculated,1697,,,,,,,,,,,,
,,,,,,,28,2020,211.00,Calculated,1697,,,,,,,,,,,,
,,,,,,,28,2021,211.00,Inferred,1697,,,,,,,,,,,,
,,,,,,,28,2022,211.00,Inferred,1697,,,,,,,,,,,,
,,,,,,,28,2023,211.00,Inferred,1697,,,,,,,,,,,,
,,,,,,,28,2024,211.00,Inferred,1697,,,,,,,,,,,,
,,,,,,,28,2025,211.00,Inferred,1697,,,,,,,,,,,,
,,,,,,,28,2026,211.00,Inferred,1697,,,,,,,,,,,,
,,,,,,,29,2019,"20,568.00",Calculated,235224,,,,,,,,,,,,
,,,,,,,29,2020,"20,671.00",Calculated,235224,,,,,,,,,,,,
,,,,,,,29,2021,"20,875.00",Calculated,235224,,,,,,,,,,,,
,,,,,,,29,2022,0.00,Calculated,235224,,,,,,,,,,,,
,,,,,,,29,2023,"42,685.00",Calculated,235224,,,,,,,,,,,,
,,,,,,,29,2024,"43,825.00",Calculated,235224,,,,,,,,,,,,
,,,,,,,29,2025,"43,300.00",Calculated,235224,,,,,,,,,,,,
,,,,,,,29,2026,"43,300.00",Inferred,235224,,,,,,,,,,,,
,,,,,,,30,2021,0.00,Calculated,1338,,,,,,,,,,,,
,,,,,,,30,2022,225.00,Calculated,1338,,,,,,,,,,,,
,,,,,,,30,2023,281.00,Calculated,1338,,,,,,,,,,,,
,,,,,,,30,2024,286.00,Calculated,1338,,,,,,,,,,,,
,,,,,,,30,2025,273.00,Calculated,1338,,,,,,,,,,,,
,,,,,,,30,2026,273.00,Inferred,1338,,,,,,,,,,,,
,,,,,,,31,2021,222.00,Calculated,1618,,,,,,,,,,,,
,,,,,,,31,2022,279.00,Calculated,1618,,,,,,,,,,,,
,,,,,,,31,2023,332.00,Calculated,1618,,,,,,,,,,,,
,,,,,,,31,2024,303.00,Calculated,1618,,,,,,,,,,,,
,,,,,,,31,2025,241.00,Calculated,1618,,,,,,,,,,,,
,,,,,,,31,2026,241.00,Inferred,1618,,,,,,,,,,,,
,,,,,,,32,2021,0.00,Calculated,1466,,,,,,,,,,,,
,,,,,,,32,2022,288.00,Calculated,1466,,,,,,,,,,,,
,,,,,,,32,2023,350.00,Calculated,1466,,,,,,,,,,,,
,,,,,,,32,2024,364.00,Calculated,1466,,,,,,,,,,,,
,,,,,,,32,2025,232.00,Calculated,1466,,,,,,,,,,,,
,,,,,,,32,2026,232.00,Inferred,1466,,,,,,,,,,,,
,,,,,,,33,2021,40.00,Calculated,1232,,,,,,,,,,,,
,,,,,,,33,2022,216.00,Calculated,1232,,,,,,,,,,,,
,,,,,,,33,2023,244.00,Calculated,1232,,,,,,,,,,,,
,,,,,,,33,2024,244.00,Inferred,1232,,,,,,,,,,,,
,,,,,,,33,2025,244.00,Inferred,1232,,,,,,,,,,,,
,,,,,,,33,2026,244.00,Inferred,1232,,,,,,,,,,,,
,,,,,,,40,2021,357.00,Inferred,2142,,,,,,,,,,,,
,,,,,,,40,2022,357.00,Inferred,2142,,,,,,,,,,,,
,,,,,,,40,2023,357.00,Inferred,2142,,,,,,,,,,,,
,,,,,,,40,2024,357.00,Inferred,2142,,,,,,,,,,,,
,,,,,,,40,2025,357.00,Inferred,2142,,,,,,,,,,,,
,,,,,,,40,2026,357.00,Inferred,2142,,,,,,,,,,,,
,,,,,,,41,2021,97.00,Calculated,1074,,,,,,,,,,,,
,,,,,,,41,2022,235.00,Calculated,1074,,,,,,,,,,,,
,,,,,,,41,2023,192.00,Calculated,1074,,,,,,,,,,,,
,,,,,,,41,2024,138.00,Calculated,1074,,,,,,,,,,,,
,,,,,,,41,2025,206.00,Calculated,1074,,,,,,,,,,,,
,,,,,,,41,2026,206.00,Inferred,1074,,,,,,,,,,,,
,,,,,,,45,2021,174.00,Inferred,958,,,,,,,,,,,,
,,,,,,,45,2022,217.00,Calculated,958,,,,,,,,,,,,
,,,,,,,45,2023,215.00,Calculated,958,,,,,,,,,,,,
,,,,,,,45,2024,122.00,Calculated,958,,,,,,,,,,,,
,,,,,,,45,2025,115.00,Calculated,958,,,,,,,,,,,,
,,,,,,,45,2026,115.00,Inferred,958,,,,,,,,,,,,
,,,,,,,48,2021,0.00,Calculated,504,,,,,,,,,,,,
,,,,,,,48,2022,142.00,Calculated,504,,,,,,,,,,,,
,,,,,,,48,2023,137.00,Calculated,504,,,,,,,,,,,,
,,,,,,,48,2024,87.00,Calculated,504,,,,,,,,,,,,
,,,,,,,48,2025,69.00,Calculated,504,,,,,,,,,,,,
,,,,,,,48,2026,69.00,Inferred,504,,,,,,,,,,,,
,,,,,,,52,2021,927.00,Inferred,5562,,,,,,,,,,,,
,,,,,,,52,2022,927.00,Inferred,5562,,,,,,,,,,,,
,,,,,,,52,2023,927.00,Inferred,5562,,,,,,,,,,,,
,,,,,,,52,2024,927.00,Inferred,5562,,,,,,,,,,,,
,,,,,,,52,2025,927.00,Inferred,5562,,,,,,,,,,,,
,,,,,,,52,2026,927.00,Inferred,5562,,,,,,,,,,,,
,,,,,,,55,2021,722.00,Inferred,3593,,,,,,,,,,,,
,,,,,,,55,2022,722.00,Inferred,3593,,,,,,,,,,,,
,,,,,,,55,2023,722.00,Inferred,3593,,,,,,,,,,,,
,,,,,,,55,2024,485.00,Calculated,3593,,,,,,,,,,,,
,,,,,,,55,2025,471.00,Calculated,3593,,,,,,,,,,,,
,,,,,,,55,2026,471.00,Inferred,3593,,,,,,,,,,,,
,,,,,,,62,2021,613.00,Inferred,3665,,,,,,,,,,,,
,,,,,,,62,2022,758.00,Calculated,3665,,,,,,,,,,,,
,,,,,,,62,2023,662.00,Calculated,3665,,,,,,,,,,,,
,,,,,,,62,2024,618.00,Calculated,3665,,,,,,,,,,,,
,,,,,,,62,2025,507.00,Calculated,3665,,,,,,,,,,,,
,,,,,,,62,2026,507.00,Inferred,3665,,,,,,,,,,,,
,,,,,,,64,2021,818.00,Calculated,3865,,,,,,,,,,,,
,,,,,,,64,2022,695.00,Calculated,3865,,,,,,,,,,,,
,,,,,,,64,2023,606.00,Calculated,3865,,,,,,,,,,,,
,,,,,,,64,2024,592.00,Calculated,3865,,,,,,,,,,,,
,,,,,,,64,2025,577.00,Calculated,3865,,,,,,,,,,,,
,,,,,,,64,2026,577.00,Inferred,3865,,,,,,,,,,,,
,,,,,,,67,2021,896.00,Inferred,6348,,,,,,,,,,,,
,,,,,,,67,2022,896.00,Inferred,6348,,,,,,,,,,,,
,,,,,,,67,2023,896.00,Inferred,6348,,,,,,,,,,,,
,,,,,,,67,2024,896.00,Inferred,6348,,,,,,,,,,,,
,,,,,,,67,2025,"1,382.00",Calculated,6348,,,,,,,,,,,,
,,,,,,,67,2026,"1,382.00",Inferred,6348,,,,,,,,,,,,
,,,,,,,68,2021,481.00,Calculated,3546,,,,,,,,,,,,
,,,,,,,68,2022,541.00,Calculated,3546,,,,,,,,,,,,
,,,,,,,68,2023,605.00,Calculated,3546,,,,,,,,,,,,
,,,,,,,68,2024,609.00,Calculated,3546,,,,,,,,,,,,
,,,,,,,68,2025,655.00,Calculated,3546,,,,,,,,,,,,
,,,,,,,68,2026,655.00,Inferred,3546,,,,,,,,,,,,
,,,,,,,84,2021,"1,397.00",Inferred,8382,,,,,,,,,,,,
,,,,,,,84,2022,"1,397.00",Inferred,8382,,,,,,,,,,,,
,,,,,,,84,2023,"1,397.00",Inferred,8382,,,,,,,,,,,,
,,,,,,,84,2024,"1,397.00",Inferred,8382,,,,,,,,,,,,
,,,,,,,84,2025,"1,397.00",Inferred,8382,,,,,,,,,,,,
,,,,,,,84,2026,"1,397.00",Inferred,8382,,,,,,,,,,,,
,,,,,,,85,2021,564.00,Inferred,3135,,,,,,,,,,,,
,,,,,,,85,2022,564.00,Inferred,3135,,,,,,,,,,,,
,,,,,,,85,2023,564.00,Inferred,3135,,,,,,,,,,,,
,,,,,,,85,2024,407.00,Calculated,3135,,,,,,,,,,,,
,,,,,,,85,2025,518.00,Calculated,3135,,,,,,,,,,,,
,,,,,,,85,2026,518.00,Inferred,3135,,,,,,,,,,,,
,,,,,,,90,2021,769.00,Inferred,4474,,,,,,,,,,,,
,,,,,,,90,2022,769.00,Inferred,4474,,,,,,,,,,,,
,,,,,,,90,2023,769.00,Inferred,4474,,,,,,,,,,,,
,,,,,,,90,2024,741.00,Calculated,4474,,,,,,,,,,,,
,,,,,,,90,2025,713.00,Calculated,4474,,,,,,,,,,,,
,,,,,,,90,2026,713.00,Inferred,4474,,,,,,,,,,,,
,,,,,,,98,2021,258.00,Calculated,3521,,,,,,,,,,,,
,,,,,,,98,2022,603.00,Calculated,3521,,,,,,,,,,,,
,,,,,,,98,2023,719.00,Calculated,3521,,,,,,,,,,,,
,,,,,,,98,2024,709.00,Calculated,3521,,,,,,,,,,,,
,,,,,,,98,2025,616.00,Calculated,3521,,,,,,,,,,,,
,,,,,,,98,2026,616.00,Inferred,3521,,,,,,,,,,,,
,,,,,,,99,2021,0.00,Calculated,2403,,,,,,,,,,,,
,,,,,,,99,2022,419.00,Calculated,2403,,,,,,,,,,,,
,,,,,,,99,2023,333.00,Calculated,2403,,,,,,,,,,,,
,,,,,,,99,2024,395.00,Calculated,2403,,,,,,,,,,,,
,,,,,,,99,2025,628.00,Calculated,2403,,,,,,,,,,,,
,,,,,,,99,2026,628.00,Inferred,2403,,,,,,,,,,,,
,,,,,,,103,2021,"20,566.00",Inferred,123396,,,,,,,,,,,,
,,,,,,,103,2022,"20,566.00",Inferred,123396,,,,,,,,,,,,
,,,,,,,103,2023,"20,566.00",Inferred,123396,,,,,,,,,,,,
,,,,,,,103,2024,"20,566.00",Inferred,123396,,,,,,,,,,,,
,,,,,,,103,2025,"20,566.00",Inferred,123396,,,,,,,,,,,,
,,,,,,,103,2026,"20,566.00",Inferred,123396,,,,,,,,,,,,
,,,,,,,104,2021,"21,950.00",Inferred,131700,,,,,,,,,,,,
,,,,,,,104,2022,"21,950.00",Inferred,131700,,,,,,,,,,,,
,,,,,,,104,2023,"21,950.00",Inferred,131700,,,,,,,,,,,,
,,,,,,,104,2024,"21,950.00",Inferred,131700,,,,,,,,,,,,
,,,,,,,104,2025,"21,950.00",Inferred,131700,,,,,,,,,,,,
,,,,,,,104,2026,"21,950.00",Inferred,131700,,,,,,,,,,,,
,,,,,,,105,2021,"15,104.00",Calculated,90624,,,,,,,,,,,,
,,,,,,,105,2022,"15,104.00",Inferred,90624,,,,,,,,,,,,
,,,,,,,105,2023,"15,104.00",Inferred,90624,,,,,,,,,,,,
,,,,,,,105,2024,"15,104.00",Inferred,90624,,,,,,,,,,,,
,,,,,,,105,2025,"15,104.00",Inferred,90624,,,,,,,,,,,,
,,,,,,,105,2026,"15,104.00",Inferred,90624,,,,,,,,,,,,
,,,,,,,150,2025,0.00,Calculated,0,,,,,,,,,,,,
,,,,,,,150,2026,0.00,Inferred,0,,,,,,,,,,,,
,,,,,,,153,2025,450.00,Calculated,900,,,,,,,,,,,,
,,,,,,,153,2026,450.00,Inferred,1630,,,,,,,,,,,,
,,,,,,,162,2025,815.00,Calculated,1630,,,,,,,,,,,,
,,,,,,,162,2026,815.00,Inferred,1630,,,,,,,,,,,,
,,,,,,,186,2025,"1,128.00",Calculated,2256,,,,,,,,,,,,
,,,,,,,186,2026,"1,128.00",Inferred,2256,,,,,,,,,,,,
,,,,,,,187,2025,738.00,Calculated,1476,,,,,,,,,,,,
,,,,,,,187,2026,738.00,Inferred,1476,,,,,,,,,,,,
,,,,,,,189,2025,"1,014.00",Calculated,2028,,,,,,,,,,,,
,,,,,,,189,2026,"1,014.00",Inferred,2028,,,,,,,,,,,,
,,,,,,,200,2024,0.00,Calculated,634,,,,,,,,,,,,
,,,,,,,200,2025,0.00,Calculated,634,,,,,,,,,,,,
,,,,,,,200,2026,634.00,Inferred,634,,,,,,,,,,,,
,,,,,,,204,2025,772.00,Calculated,1544,,,,,,,,,,,,
,,,,,,,204,2026,772.00,Inferred,1544,,,,,,,,,,,,
,,,,,,,210,2025,577.00,Calculated,1154,,,,,,,,,,,,
,,,,,,,210,2026,577.00,Inferred,1154,,,,,,,,,,,,
,,,,,,,211,2025,0.00,Calculated,0,,,,,,,,,,,,
,,,,,,,211,2026,0.00,Inferred,0,,,,,,,,,,,,
,,,,,,,214,2025,362.00,Calculated,724,,,,,,,,,,,,
,,,,,,,214,2026,362.00,Inferred,724,,,,,,,,,,,,
,,,,,,,216,2025,176.00,Calculated,352,,,,,,,,,,,,
,,,,,,,216,2026,176.00,Inferred,352,,,,,,,,,,,,
,,,,,,,217,2026,501.00,Inferred,501,,,,,,,,,,,,
,,,,,,,,,,,0,,,,,,,,,,,,
,,,,,,,,,,,0,,,,,,,,,,,,
,,,,,,,,,,,0,,,,,,,,,,,,
,,,,,,,,,,,0,,,,,,,,,,,,
,,,,,,,,,,,0,,,,,,,,,,,,
,,,,,,,,,,,0,,,,,,,,,,,,
,,,,,,,,,,,0,,,,,,,,,,,,
,,,,,,,,,,,0,,,,,,,,,,,,
,,,,,,,,,,,0,,,,,,,,,,,,
,,,,,,,,,,,0,,,,,,,,,,,,
,,,,,,,,,,,0,,,,,,,,,,,,
,,,,,,,,,,,0,,,,,,,,,,,,
,,,,,,,,,,,0,,,,,,,,,,,,
,,,,,,,,,,,0,,,,,,,,,,,,
,,,,,,,,,,,0,,,,,,,,,,,,
,,,,,,,,,,,0,,,,,,,,,,,,
,,,,,,,,,,,0,,,,,,,,,,,,
,,,,,,,,,,,0,,,,,,,,,,,,
,,,,,,,,,,,0,,,,,,,,,,,,
,,,,,,,,,,,0,,,,,,,,,,,,
,,,,,,,,,,,0,,,,,,,,,,,,
,,,,,,,,,,,0,,,,,,,,,,,,
,,,,,,,,,,,0,,,,,,,,,,,,
,,,,,,,,,,,0,,,,,,,,,,,,
,,,,,,,,,,,0,,,,,,,,,,,,
,,,,,,,,,,,0,,,,,,,,,,,,
,,,,,,,,,,,0,,,,,,,,,,,,
,,,,,,,,,,,0,,,,,,,,,,,,
,,,,,,,,,,,0,,,,,,,,,,,,
,,,,,,,,,,,0,,,,,,,,,,,,
,,,,,,,,,,,0,,,,,,,,,,,,
,,,,,,,,,,,0,,,,,,,,,,,,
,,,,,,,,,,,0,,,,,,,,,,,,
,,,,,,,,,,,0,,,,,,,,,,,,
,,,,,,,,,,,0,,,,,,,,,,,,
,,,,,,,,,,,0,,,,,,,,,,,,
,,,,,,,,,,,0,,,,,,,,,,,,
,,,,,,,,,,,0,,,,,,,,,,,,
,,,,,,,,,,,0,,,,,,,,,,,,
,,,,,,,,,,,0,,,,,,,,,,,,
,,,,,,,,,,,0,,,,,,,,,,,,
,,,,,,,,,,,0,,,,,,,,,,,,
,,,,,,,,,,,0,,,,,,,,,,,,
,,,,,,,,,,,0,,,,,,,,,,,,
,,,,,,,,,,,0,,,,,,,,,,,,
,,,,,,,,,,,0,,,,,,,,,,,,
,,,,,,,,,,,0,,,,,,,,,,,,
,,,,,,,,,,,0,,,,,,,,,,,,
,,,,,,,,,,,0,,,,,,,,,,,,
,,,,,,,,,,,0,,,,,,,,,,,,
,,,,,,,,,,,0,,,,,,,,,,,,
,,,,,,,,,,,0,,,,,,,,,,,,
,,,,,,,,,,,0,,,,,,,,,,,,
,,,,,,,,,,,0,,,,,,,,,,,,
,,,,,,,,,,,0,,,,,,,,,,,,
,,,,,,,,,,,0,,,,,,,,,,,,
,,,,,,,,,,,0,,,,,,,,,,,,
,,,,,,,,,,,0,,,,,,,,,,,,
,,,,,,,,,,,0,,,,,,,,,,,,
,,,,,,,,,,,0,,,,,,,,,,,,
,,,,,,,,,,,0,,,,,,,,,,,,
,,,,,,,,,,,0,,,,,,,,,,,,
,,,,,,,,,,,0,,,,,,,,,,,,
,,,,,,,,,,,0,,,,,,,,,,,,
,,,,,,,,,,,0,,,,,,,,,,,,
,,,,,,,,,,,0,,,,,,,,,,,,
,,,,,,,,,,,0,,,,,,,,,,,,
,,,,,,,,,,,0,,,,,,,,,,,,
,,,,,,,,,,,0,,,,,,,,,,,,
,,,,,,,,,,,0,,,,,,,,,,,,
,,,,,,,,,,,0,,,,,,,,,,,,
,,,,,,,,,,,0,,,,,,,,,,,,
,,,,,,,,,,,0,,,,,,,,,,,,
,,,,,,,,,,,0,,,,,,,,,,,,
,,,,,,,,,,,0,,,,,,,,,,,,
,,,,,,,,,,,0,,,,,,,,,,,,
,,,,,,,,,,,0,,,,,,,,,,,,
,,,,,,,,,,,0,,,,,,,,,,,,
,,,,,,,,,,,0,,,,,,,,,,,,
,,,,,,,,,,,0,,,,,,,,,,,,
,,,,,,,,,,,0,,,,,,,,,,,,
,,,,,,,,,,,0,,,,,,,,,,,,
,,,,,,,,,,,0,,,,,,,,,,,,