Customer ID,Customer Name,Customer Type,Loc ID,,Loc ID,District,Coordinates,,,Latitude ,Longitude,,Customer ID,System ID,System Name,Design Type,Status,Install Date,,Customer ID,System ID,System Name,Design Type,Status,Install Date,,Customer ID,Year,Population,Source,Latest Population (per Customer ID),Total Population (Latest Year Only) ,Latest year for this row’s customer,Is this row the latest year for that customer?,Population (Latest Year Only),Total Population (Latest Year Only),,"Total Population (Latest Year Only) AI Version I can't understand, here for sanity check"
1,Bright Community PS,School,1,,1,Kampala,"0.3601293708966226, 32.58169066738784",,,0.3601293709,32.58169067,,0,0,Inventory,,,,,0,0,Inventory,,,,,0,2014,0.00,Calculated,0,"140,007.00",2014,TRUE,0.00,"140,007.00",,140007
2,91Four RH,Rehabilitation Centre,2,,2,Kampala,"0.3818776634871091, 32.57618722331179",,,0.3818776635,32.57618722,,1,1,Bright Community PS #1,Lighting Only,Decommissioned,4/26/2015,,1,1,Bright Community PS #1,Lighting Only,Decommissioned,4/26/2015,,1,2015,728.00,Calculated,750,,2019,FALSE,,,,
3,New ABC Divine Mutundwe PS,School,3,,3,Kampala,"0.2880507249189125, 32.52928308687008",,,0.2880507249,32.52928309,,2,2,91Four RH #1,Lighting Only,Decommissioned,4/27/2015,,2,2,91Four RH #1,Lighting Only,Decommissioned,4/27/2015,,1,2016,732.00,Calculated,750,,2019,FALSE,,,,
4,Uplands SS,School,4,,4,Kampala,"0.28906203271888836, 32.53644067260716",,,0.2890620327,32.53644067,,3,3,New ABC Divine Mutundwe PS #1,Lighting Only,Decommissioned,2/1/2015,,3,3,New ABC Divine Mutundwe PS #1,Lighting Only,Decommissioned,2/1/2015,,1,2017,750.00,Calculated,750,,2019,FALSE,,,,
5,Kingstone College SS,School,5,,5,Kayunga,"0.6861210742424927, 32.91984195092618",,,0.6861210742,32.91984195,,4,4,Uplands SS #1,Lighting Only,Decommissioned,4/19/2015,,4,4,Uplands SS #1,Lighting Only,Decommissioned,4/19/2015,,1,2018,750.00,Inferred,750,,2019,FALSE,,,,
6,Amity SSS,School,6,,6,Wakiso,"0.35465650364677953, 32.51957103512591",,,0.3546565036,32.51957104,,5,5,Kingstone College SS #1,Lighting Only,Decommissioned,5/30/2016,,5,5,Kingstone College SS #1,Lighting Only,Decommissioned,5/30/2016,,1,2019,750.00,Inferred,750,,2019,TRUE,750.00,,,
7,Busega PS,School,7,,7,Kampala,"0.3132312882486539, 32.53188300491036",,,0.3132312882,32.531883,,6,6,Amity SSS #1,Lighting Only,Offline,11/7/2016,,6,6,Amity SSS #1,Lighting Only,Offline,11/7/2016,,3,2015,67.00,Calculated,543,,2022,FALSE,,,,
8,Mackay Memorial PS,School,8,,8,Kampala,"0.30903486607385955, 32.535037367671556",,,0.3090348661,32.53503737,,6,7,Amity SSS #2,Lighting Only,Offline,11/7/2016,,6,7,Amity SSS #2,Lighting Only,Offline,11/7/2016,,3,2016,67.00,Inferred,543,,2022,FALSE,,,,
9,Rubaga Mixed SS,School,9,,9,Kampala,"0.3022943,32.5514174",,,0.3022943,32.5514174,,7,8,Busega PS #1,Lighting Only,Offline,11/30/2016,,7,8,Busega PS #1,Lighting Only,Offline,11/30/2016,,3,2017,67.00,Inferred,543,,2022,FALSE,,,,
10,Bussiiro SSS,School,10,,10,Luuka,"0.6598452014037094, 33.32671934168296",,,0.6598452014,33.32671934,,7,9,Busega PS #2,Lighting Only,Offline,11/30/2016,,7,9,Busega PS #2,Lighting Only,Offline,11/30/2016,,3,2018,67.00,Inferred,543,,2022,FALSE,,,,
11,New ABC Divine Kangrumila PS,School,11,,11,Kangulumira,"0.5793838452068655, 33.03406970177584",,,0.5793838452,33.0340697,,8,10,Mackay Memorial PS #1,Lighting Only,Offline,11/12/2016,,8,10,Mackay Memorial PS #1,Lighting Only,Offline,11/12/2016,,3,2019,543.00,Calculated,543,,2022,FALSE,,,,
12,Hope Vision PS,School,12,,12,Sekanyonyi,"0.4998602579318533, 32.14239029018143",,,0.4998602579,32.14239029,,8,11,Mackay Memorial PS #2,Lighting Only,Offline,11/12/2016,,8,11,Mackay Memorial PS #2,Lighting Only,Offline,11/12/2016,,3,2020,543.00,Inferred,543,,2022,FALSE,,,,
13,Kasubi Church of Uganda PS,School,13,,13,Kampala,"0.32916516656822964, 32.55132789656723",,,0.3291651666,32.5513279,,9,12,Rubaga Mixed SS #1,Lighting Only,Offline,11/21/2016,,9,12,Rubaga Mixed SS #1,Lighting Only,Offline,11/21/2016,,3,2021,543.00,Inferred,543,,2022,FALSE,,,,
14,Kinaawa Parents Academy SS,School,14,,14,Kampala,"0.2795134750254886, 32.511637702793784",,,0.279513475,32.5116377,,9,13,Rubaga Mixed SS #2,Lighting Only,Offline,11/21/2016,,9,13,Rubaga Mixed SS #2,Lighting Only,Offline,11/21/2016,,3,2022,543.00,Inferred,543,,2022,TRUE,543.00,,,
15,Little Flower PS/N,School,15,,15,Kalisizo,"-0.534338,31.6254575",,,-0.534338,31.6254575,,10,14,Bussiiro SSS #1,Lighting Only,Nearing EOL,11/4/2017,,10,14,Bussiiro SSS #1,Lighting Only,Nearing EOL,11/4/2017,,4,2015,315.00,Calculated,350,,2021,FALSE,,,,
16,St. Joseph Nkooko SSS,School,16,,16,Nkoko,"0.9614846273101064, 31.428655467144992",,,0.9614846273,31.42865547,,11,15,New ABC Divine Kangrumila PS #1,Lighting Only,Decommissioned,10/29/2017,,11,15,New ABC Divine Kangrumila PS #1,Lighting Only,Decommissioned,10/29/2017,,4,2016,320.00,Calculated,350,,2021,FALSE,,,,
17,Victory Junior PS,School,17,,17,,"0.5106429,32.364049",,,0.5106429,32.364049,,12,16,Hope Vision PS #1,Lighting Only,Offline,12/23/2017,,12,16,Hope Vision PS #1,Lighting Only,Offline,12/23/2017,,4,2017,350.00,Calculated,350,,2021,FALSE,,,,
18,ABC Nateete PS,School,18,,18,Kampala,"0.3052125,32.537384",,,0.3052125,32.537384,,13,17,Kasubi Church of Uganda PS #1,Lighting Only,Abandoned,NA,,13,17,Kasubi Church of Uganda PS #1,Lighting Only,Abandoned,NA,,4,2018,350.00,Inferred,350,,2021,FALSE,,,,
19,Kitimba HC,Health Centre,19,,19,Mpigi,"0.29660241578113344, 32.26752448769217",,,0.2966024158,32.26752449,,14,18,Kinaawa Parents Academy SS #1,Lighting Only,Decommissioned,11/17/2017,,14,18,Kinaawa Parents Academy SS #1,Lighting Only,Decommissioned,11/17/2017,,4,2019,350.00,Inferred,350,,2021,FALSE,,,,
20,Kitimba PS,School,20,,20,Mpigi,"0.2960196190726445, 32.26807316401277",,,0.2960196191,32.26807316,,15,19,Little Flower PS/N #1,Lighting Only,Installed,12/9/2017,,15,19,Little Flower PS/N #1,Lighting Only,Installed,12/9/2017,,4,2020,350.00,Inferred,350,,2021,FALSE,,,,
21,Kisoko SS,School,21,,21,West Budama,"0.7197708749655422, 34.01854492288583",,,0.719770875,34.01854492,,16,20,St. Joseph Nkooko SSS #1,Lighting Only,Installed,12/29/2017,,16,20,St. Joseph Nkooko SSS #1,Lighting Only,Installed,12/29/2017,,4,2021,350.00,Inferred,350,,2021,TRUE,350.00,,,
22,Kamugombwa PS,School,22,,22,Mpigi,"0.27866710151157986, 32.27007301282958",,,0.2786671015,32.27007301,,17,21,Victory Junior PS #1,Lighting Only,Offline,12/14/2017,,17,21,Victory Junior PS #1,Lighting Only,Offline,12/14/2017,,5,2016,385.00,Inferred,364,,2019,FALSE,,,,
23,Seeta Bweya PS,School,23,,23,Mpigi,"0.25467001683840595, 32.245984450269184",,,0.2546700168,32.24598445,,18,22,ABC Nateete PS #1,Lighting Only,Offline,10/21/2017,,18,22,ABC Nateete PS #1,Lighting Only,Offline,10/21/2017,,5,2017,385.00,Inferred,364,,2019,FALSE,,,,
24,Lukalu PS,School,24,,24,Mpigi,"0.2572615436892138, 32.27786738929855",,,0.2572615437,32.27786739,,19,23,Kitimba HC #1,Lighting Only,Installed,11/21/2018,,19,23,Kitimba HC #1,Lighting Only,Installed,11/21/2018,,5,2018,322.00,Calculated,364,,2019,FALSE,,,,
25,Lukalu SS,School,25,,25,Mpigi,"0.2568425907255054, 32.27777787662353",,,0.2568425907,32.27777788,,19,24,Kitimba HC #2,Fridge,Decommissioned,11/21/2018,,19,24,Kitimba HC #2,Fridge,Decommissioned,11/21/2018,,5,2019,364.00,Calculated,364,,2019,TRUE,364.00,,,
26,New Hope Vocational Institute VS,School,26,,26,Kaihura,"0.6947444520079005, 30.610227337983165",,,0.694744452,30.61022734,,20,25,Kitimba PS #1,Lighting Only,Offline,10/15/2018,,20,25,Kitimba PS #1,Lighting Only,Offline,10/15/2018,,6,2016,0.00,Calculated,552,,2026,FALSE,,,,
27,High Hope PS,School,27,,27,Kaihura,"0.6476855367735794, 30.56996820426911",,,0.6476855368,30.5699682,,21,26,Kisoko SS #1,Lighting Only,Installed,6/4/2018,,21,26,Kisoko SS #1,Lighting Only,Installed,6/4/2018,,6,2017,403.00,Calculated,552,,2026,FALSE,,,,
28,Joy Christian PS,School,28,,28,Kyenjojo,"0.612186368222477, 30.642939077484414",,,0.6121863682,30.64293908,,22,27,Kamugombwa PS #1,Lighting Only,Installed,10/15/2018,,22,27,Kamugombwa PS #1,Lighting Only,Installed,10/15/2018,,6,2018,414.00,Calculated,552,,2026,FALSE,,,,
29,Hope Again HC,Health Centre,29,,29,Kaihura,"0.6419277456535877, 30.577645473565177",,,0.6419277457,30.57764547,,23,28,Seeta Bweya PS #1,Lighting Only,Offline,10/15/2018,,23,28,Seeta Bweya PS #1,Lighting Only,Offline,10/15/2018,,6,2019,491.00,Calculated,552,,2026,FALSE,,,,
30,Mpanga UMEA PS,School,30,,30,Butambala,"0.29291343557468547, 32.256133810738355",,,0.2929134356,32.25613381,,24,29,Lukalu PS #1,Lighting Only,Installed,10/15/2018,,24,29,Lukalu PS #1,Lighting Only,Installed,10/15/2018,,6,2020,552.00,Calculated,552,,2026,FALSE,,,,
31,St. Posiano Lwere PS,School,31,,31,Butambala,"0.28239605366176257, 32.271656082644",,,0.2823960537,32.27165608,,25,30,Lukalu SS #1,Lighting Only,Installed,10/15/2018,,25,30,Lukalu SS #1,Lighting Only,Installed,10/15/2018,,6,2021,552.00,Inferred,552,,2026,FALSE,,,,
32,Kakubo UMEA PS,School,32,,32,Butambala,"0.27866876712257194, 32.270061356730025",,,0.2786687671,32.27006136,,25,31,Lukalu SS #2,Lighting Only,Offline,10/15/2018,,25,31,Lukalu SS #2,Lighting Only,Offline,10/15/2018,,6,2022,552.00,Inferred,552,,2026,FALSE,,,,
33,St. Kizito Bulugu PS,School,33,,33,Butambala,"0.27196, 32.22813",,,0.27196,32.22813,,26,32,New Hope Vocational Institute VS #1,Lighting Only,Installed,1/16/2019,,26,32,New Hope Vocational Institute VS #1,Lighting Only,Installed,1/16/2019,,6,2023,552.00,Inferred,552,,2026,FALSE,,,,
34,Kaggulwe PS,School,34,,34,Butambala,,,,#VALUE!,#VALUE!,,27,33,High Hope PS #1,Lighting Only,Nearing EOL,1/22/2019,,27,33,High Hope PS #1,Lighting Only,Nearing EOL,1/22/2019,,6,2024,552.00,Inferred,552,,2026,FALSE,,,,
35,Kaggulwe SS,School,35,,35,Butambala,,,,#VALUE!,#VALUE!,,28,34,Joy Christian PS #1,Lighting Only,Nearing EOL,1/28/2019,,28,34,Joy Christian PS #1,Lighting Only,Nearing EOL,1/28/2019,,6,2025,552.00,Inferred,552,,2026,FALSE,,,,
36,Kabasanda UMEA PS,School,36,,36,Butambala,"0.2640463735216982, 32.225413077584435",,,0.2640463735,32.22541308,,29,35,Hope Again HC #1,Lighting Only,Nearing EOL,1/31/2019,,29,35,Hope Again HC #1,Lighting Only,Nearing EOL,1/31/2019,,6,2026,552.00,Inferred,552,,2026,TRUE,552.00,,,
37,Kabasanda HC II,Health Centre,37,,37,Butambala,,,,#VALUE!,#VALUE!,,31,36,St. Posiano Lwere PS #1,Lighting Only,Abandoned,NA,,31,36,St. Posiano Lwere PS #1,Lighting Only,Abandoned,NA,,7,2016,297.00,Calculated,52,,2026,FALSE,,,,
38,Sayidina Abubakar SS,School,38,,38,Butambala,"0.2670887832784029, 32.221034026252795",,,0.2670887833,32.22103403,,31,37,St. Posiano Lwere PS #2,Lighting Only,Abandoned,NA,,31,37,St. Posiano Lwere PS #2,Lighting Only,Abandoned,NA,,7,2017,323.00,Calculated,52,,2026,FALSE,,,,
39,Nsonzibirye UMEA PS,School,39,,39,,"0.29165164572113117, 32.20493541489415",,,0.2916516457,32.20493541,,30,38,Mpanga UMEA PS #1,Lighting Only,Installed,4/20/2021,,30,38,Mpanga UMEA PS #1,Lighting Only,Installed,4/20/2021,,7,2018,338.00,Calculated,52,,2026,FALSE,,,,
40,Kawami C/U PS,School,40,,40,Butambala,"0.21131643187858895, 32.20998903344768",,,0.2113164319,32.20998903,,30,39,Mpanga UMEA PS #2,Lighting Only,Abandoned,NA,,30,39,Mpanga UMEA PS #2,Lighting Only,Abandoned,NA,,7,2019,270.00,Calculated,52,,2026,FALSE,,,,
41,Kawami C/S PS,School,41,,41,Butambala,"0.21702231068504635, 32.20161073195926",,,0.2170223107,32.20161073,,32,40,Kakubo UMEA PS #1,Lighting Only,Installed,4/24/2021,,32,40,Kakubo UMEA PS #1,Lighting Only,Installed,4/24/2021,,7,2020,52.00,Calculated,52,,2026,FALSE,,,,
42,Kisununu C/S PS,School,42,,42,Butambala,,,,#VALUE!,#VALUE!,,32,41,Kakubo UMEA PS #2,Lighting Only,Abandoned,NA,,32,41,Kakubo UMEA PS #2,Lighting Only,Abandoned,NA,,7,2021,52.00,Inferred,52,,2026,FALSE,,,,
43,Kikunyu PS,School,43,,43,Butambala,"0.16053803363018557, 32.22912684457227",,,0.1605380336,32.22912684,,38,42,Sayidina Abubakar SS #1,Lighting Only,Design,NA,,38,42,Sayidina Abubakar SS #1,Lighting Only,Design,NA,,7,2022,52.00,Inferred,52,,2026,FALSE,,,,
44,Kikunyu Modern PS,School,44,,44,,"0.2505706550130355, 32.2028910604319",,,0.250570655,32.20289106,,38,43,Sayidina Abubakar SS #2,Lighting Only,Design,NA,,38,43,Sayidina Abubakar SS #2,Lighting Only,Design,NA,,7,2023,52.00,Inferred,52,,2026,FALSE,,,,
45,St. Joseph Kikkunyu PS,School,45,,45,Butambala,"0.29084072056539617, 32.20643998095017",,,0.2908407206,32.20643998,,38,44,Sayidina Abubakar SS #3,Lighting Only,Design,NA,,38,44,Sayidina Abubakar SS #3,Lighting Only,Design,NA,,7,2024,52.00,Inferred,52,,2026,FALSE,,,,
46,Kilokola HC II,Health Centre,46,,46,,"0.23309606746088915, 32.19170124393598",,,0.2330960675,32.19170124,,33,45,St. Kizito Bulugu PS #1,Lighting Only,Installed,5/17/2021,,33,45,St. Kizito Bulugu PS #1,Lighting Only,Installed,5/17/2021,,7,2025,52.00,Inferred,52,,2026,FALSE,,,,
47,Mavugeera Umea PS,School,47,,47,Butambala,"0.2260857725592653, 32.20184334409765",,,0.2260857726,32.20184334,,33,46,St. Kizito Bulugu PS #2,Lighting Only,Abandoned,NA,,33,46,St. Kizito Bulugu PS #2,Lighting Only,Abandoned,NA,,7,2026,52.00,Inferred,52,,2026,TRUE,52.00,,,
48,Buyenga Q/S PS,School,48,,48,Butambala,"0.2426636393601461, 32.21167347705285",,,0.2426636394,32.21167348,,35,47,Kaggulwe SS #1,Lighting Only,Design,NA,,35,47,Kaggulwe SS #1,Lighting Only,Design,NA,,8,2016,800.00,Calculated,779,,2026,FALSE,,,,
49,Senge HC III,Health Centre,49,,49,Butambala,,,,#VALUE!,#VALUE!,,35,48,Kaggulwe SS #2,Lighting Only,Design,NA,,35,48,Kaggulwe SS #2,Lighting Only,Design,NA,,8,2017,796.00,Calculated,779,,2026,FALSE,,,,
50,Butambala School for the Deaf PS,School,50,,50,,,,,#VALUE!,#VALUE!,,36,49,Kabasanda UMEA PS #1,Lighting Only,Design,NA,,36,49,Kabasanda UMEA PS #1,Lighting Only,Design,NA,,8,2018,799.00,Calculated,779,,2026,FALSE,,,,
51,Kibibi UMEA PS,School,51,,51,Butambala,"0.23093761359084192, 32.17586519778935",,,0.2309376136,32.1758652,,36,50,Kabasanda UMEA PS #2,Lighting Only,Abandoned,NA,,36,50,Kabasanda UMEA PS #2,Lighting Only,Abandoned,NA,,8,2019,803.00,Calculated,779,,2026,FALSE,,,,
52,Kibibi SS,School,52,,52,Butambala,"0.23088669588942642, 32.18135739785007",,,0.2308866959,32.1813574,,42,51,Kisununu C/S PS #1,Lighting Only,Abandoned,NA,,42,51,Kisununu C/S PS #1,Lighting Only,Abandoned,NA,,8,2020,779.00,Calculated,779,,2026,FALSE,,,,
53,Kibibi C/U PS,School,53,,53,Butambala,"0.23372, 32.16926",,,0.23372,32.16926,,34,52,Kaggulwe PS #1,Lighting Only,Design,NA,,34,52,Kaggulwe PS #1,Lighting Only,Design,NA,,8,2021,779.00,Inferred,779,,2026,FALSE,,,,
54,Bwebukya UMEA PS,School,54,,54,,"0.2292197939594243, 32.15594218958148",,,0.229219794,32.15594219,,34,53,Kaggulwe PS #2,Lighting Only,Abandoned,NA,,34,53,Kaggulwe PS #2,Lighting Only,Abandoned,NA,,8,2022,779.00,Inferred,779,,2026,FALSE,,,,
55,Simba Islamic PS,School,55,,55,Butambala,"0.24338529610769266, 32.16047135543981",,,0.2433852961,32.16047136,,41,54,Kawami C/S PS #1,Lighting Only,Installed,5/4/2021,,41,54,Kawami C/S PS #1,Lighting Only,Installed,5/4/2021,,8,2023,779.00,Inferred,779,,2026,FALSE,,,,
56,Katabira Parents PS,School,56,,56,,,,,#VALUE!,#VALUE!,,48,55,Buyenga Q/S PS #1,Lighting Only,Installed,5/12/2021,,48,55,Buyenga Q/S PS #1,Lighting Only,Installed,5/12/2021,,8,2024,779.00,Inferred,779,,2026,FALSE,,,,
57,Bujumba C/S PS,School,57,,57,,,,,#VALUE!,#VALUE!,,49,56,Senge HC III #1,Lighting Only,Design,NA,,49,56,Senge HC III #1,Lighting Only,Design,NA,,8,2025,779.00,Inferred,779,,2026,FALSE,,,,
58,Mabanda Islamic PS,School,58,,58,,,,,#VALUE!,#VALUE!,,49,57,Senge HC III #2,Lighting Only,Design,NA,,49,57,Senge HC III #2,Lighting Only,Design,NA,,8,2026,779.00,Inferred,779,,2026,TRUE,779.00,,,
59,Mabanda C/S PS,School,59,,59,,,,,#VALUE!,#VALUE!,,47,58,Mavugeera Umea PS #1,Lighting Only,Abandoned,NA,,47,58,Mavugeera Umea PS #1,Lighting Only,Abandoned,NA,,9,2016,348.00,Calculated,257,,2026,FALSE,,,,
60,Mitwetwe Parents PS,School,60,,60,,,,,#VALUE!,#VALUE!,,35,59,Kaggulwe SS #3,Lighting Only,Design,NA,,35,59,Kaggulwe SS #3,Lighting Only,Design,NA,,9,2017,354.00,Calculated,257,,2026,FALSE,,,,
61,Lugoye UMEA PS,School,61,,61,,,,,#VALUE!,#VALUE!,,45,60,St. Joseph Kikkunyu PS #1,Lighting Only,Installed,4/29/2021,,45,60,St. Joseph Kikkunyu PS #1,Lighting Only,Installed,4/29/2021,,9,2018,352.00,Calculated,257,,2026,FALSE,,,,
62,Kayenje C/S PS,School,62,,62,Butambala,"0.18126463548449379, 32.094237314499466",,,0.1812646355,32.09423731,,40,61,Kawami C/U PS #1,Lighting Only,Offline,5/8/2021,,40,61,Kawami C/U PS #1,Lighting Only,Offline,5/8/2021,,9,2019,356.00,Calculated,257,,2026,FALSE,,,,
63,Gwatiro C/U PS,School,63,,63,,,,,#VALUE!,#VALUE!,,43,62,Kikunyu PS #1,Lighting Only,Abandoned,NA,,43,62,Kikunyu PS #1,Lighting Only,Abandoned,NA,,9,2020,257.00,Calculated,257,,2026,FALSE,,,,
64,Kayenje C/U PS,School,64,,64,Butambala,"0.1847286065167981, 32.099080338263235",,,0.1847286065,32.09908034,,28,63,Joy Christian PS - Classroom #1,Lighting Only,Design,NA,,28,63,Joy Christian PS - Classroom #1,Lighting Only,Design,NA,,9,2021,257.00,Inferred,257,,2026,FALSE,,,,
65,Kwezi Muslim PS,School,65,,65,,,,,#VALUE!,#VALUE!,,28,64,Joy Christian PS - Classroom #2,Lighting Only,Design,NA,,28,64,Joy Christian PS - Classroom #2,Lighting Only,Design,NA,,9,2022,257.00,Inferred,257,,2026,FALSE,,,,
66,Bunyenye UMEA PS,School,66,,66,,,,,#VALUE!,#VALUE!,,28,65,Joy Christian PS - Dorms #1,Lighting Only,Design,NA,,28,65,Joy Christian PS - Dorms #1,Lighting Only,Design,NA,,9,2023,257.00,Inferred,257,,2026,FALSE,,,,
67,Budde SS,School,67,,67,Butambala,"0.13061169040075618, 32.18117026633471",,,0.1306116904,32.18117027,,28,66,Joy Christian PS - Dorms #2,Lighting Only,Abandoned,NA,,28,66,Joy Christian PS - Dorms #2,Lighting Only,Abandoned,NA,,9,2024,257.00,Inferred,257,,2026,FALSE,,,,
68,Kibugga C/S PS,School,68,,68,Butambala,"0.11172639963379372, 31.999061241658268",,,0.1117263996,31.99906124,,103,67,Bulo HC III #1,Lighting Only,Installed,12/11/2021,,103,67,Bulo HC III #1,Lighting Only,Installed,12/11/2021,,9,2025,257.00,Inferred,257,,2026,FALSE,,,,
69,Ssempiira Ben PS,School,69,,69,Butambala,"0.1868032943847937, 32.13792670223035",,,0.1868032944,32.1379267,,104,68,Ngando HC III #1,Lighting Only,Installed,11/13/2021,,104,68,Ngando HC III #1,Lighting Only,Installed,11/13/2021,,9,2026,257.00,Inferred,257,,2026,TRUE,257.00,,,
70,Gombe SS,School,70,,70,,,,,#VALUE!,#VALUE!,,105,69,Kyabadaza HC III #1,Lighting Only,Installed,11/13/2021,,105,69,Kyabadaza HC III #1,Lighting Only,Installed,11/13/2021,,10,2017,"1,255.00",Calculated,1914,,2026,FALSE,,,,
71,Kasoso C/S PS,School,71,,71,,"0.14026131789630597, 32.0798361583464",,,0.1402613179,32.07983616,,31,70,St. Posiano Lwere PS #1,Lighting Only,Installed,12/11/2021,,31,70,St. Posiano Lwere PS #1,Lighting Only,Installed,12/11/2021,,10,2018,"1,024.00",Calculated,1914,,2026,FALSE,,,,
72,Kyerima UMEA PS,School,72,,72,,,,,#VALUE!,#VALUE!,,55,71,Simba Islamic PS #1,Lighting Only,Installed,12/4/2021,,55,71,Simba Islamic PS #1,Lighting Only,Installed,12/4/2021,,10,2019,"1,417.00",Calculated,1914,,2026,FALSE,,,,
73,Ssenyomo C/S PS,School,73,,73,Butambala,"0.18020, 32.11317",,,0.1802,32.11317,,68,72,Kibugga C/S PS #1,Lighting Only,Installed,11/27/2021,,68,72,Kibugga C/S PS #1,Lighting Only,Installed,11/27/2021,,10,2020,"1,474.00",Calculated,1914,,2026,FALSE,,,,
74,Kinoni PS,School,74,,74,Butambala,"0.21675172322037695, 32.117385894462295",,,0.2167517232,32.11738589,,62,73,Kayenje C/S PS #1,Lighting Only,Installed,11/20/2021,,62,73,Kayenje C/S PS #1,Lighting Only,Installed,11/20/2021,,10,2021,"1,674.00",Calculated,1914,,2026,FALSE,,,,
75,Gombe UMEA PS,School,75,,75,Butambala,"0.18068091169246886, 32.118396799812096",,,0.1806809117,32.1183968,,64,74,Kayenje C/U PS #1,Lighting Only,Installed,11/13/2021,,64,74,Kayenje C/U PS #1,Lighting Only,Installed,11/13/2021,,10,2022,"1,515.00",Calculated,1914,,2026,FALSE,,,,
76,Ntolomwe UMEA PS,School,76,,76,,,,,#VALUE!,#VALUE!,,98,75,Bulo C/S PS #1,Lighting Only,Installed,11/27/2021,,98,75,Bulo C/S PS #1,Lighting Only,Installed,11/27/2021,,10,2023,"1,564.00",Calculated,1914,,2026,FALSE,,,,
77,Ntolomwe C/S PS,School,77,,77,Butambala,"0.1468613348941984, 32.11477591509497",,,0.1468613349,32.11477592,,99,76,Bwetyaba UMEA PS #1,Lighting Only,Installed,11/20/2021,,99,76,Bwetyaba UMEA PS #1,Lighting Only,Installed,11/20/2021,,10,2024,"1,763.00",Calculated,1914,,2026,FALSE,,,,
78,Mayungwe C/U PS,School,78,,78,Butambala,"0.14015245574468982, 32.06178158329074",,,0.1401524557,32.06178158,,52,77,Kibibi SS #1,Lighting Only,Nearing EOL,12/11/2021,,52,77,Kibibi SS #1,Lighting Only,Nearing EOL,12/11/2021,,10,2025,"1,914.00",Calculated,1914,,2026,FALSE,,,,
79,St. Peters Muyungwe SS,School,79,,79,,,,,#VALUE!,#VALUE!,,67,78,Budde SS #1,Lighting Only,Installed,11/20/2021,,67,78,Budde SS #1,Lighting Only,Installed,11/20/2021,,10,2026,"1,914.00",Inferred,1914,,2026,TRUE,"1,914.00",,,
80,Makulungo UMEA PS,School,80,,80,Butambala,"0.18061764512799813, 32.18760262886709",,,0.1806176451,32.18760263,,84,79,Butawuka Magezi Ntake SS #1,Lighting Only,Installed,11/27/2021,,84,79,Butawuka Magezi Ntake SS #1,Lighting Only,Installed,11/27/2021,,11,2017,373.00,Calculated,633,,2023,FALSE,,,,
81,Budde UMEA PS,School,81,,81,Butambala,"0.1263374116478305, 32.18551211374405",,,0.1263374116,32.18551211,,85,80,Cardinal Wamala SS #1,Lighting Only,Installed,12/4/2021,,85,80,Cardinal Wamala SS #1,Lighting Only,Installed,12/4/2021,,11,2018,413.00,Calculated,633,,2023,FALSE,,,,
82,Lugala C/S PS,School,82,,82,,,,,#VALUE!,#VALUE!,,90,81,Kitagobwa SS #1,Lighting Only,Installed,12/4/2021,,90,81,Kitagobwa SS #1,Lighting Only,Installed,12/4/2021,,11,2019,417.00,Calculated,633,,2023,FALSE,,,,
83,Lugala C/U PS,School,83,,83,Butambala,"0.1407569170113463, 32.18287077158109",,,0.140756917,32.18287077,,200,82,Mustard Seed Academy PS/N #1,Lighting Only,Installed,8/5/2024,,200,82,Mustard Seed Academy PS/N #1,Lighting Only,Installed,8/5/2024,,11,2020,633.00,Calculated,633,,2023,FALSE,,,,
84,Butawuka Magezi Ntake SS,School,84,,84,Butambala,"0.11344504112973917, 32.00904403300039",,,0.1134450411,32.00904403,,186,83,Kasaka SSS #1,Lighting Only,Installed,2/19/2025,,186,83,Kasaka SSS #1,Lighting Only,Installed,2/19/2025,,11,2021,633.00,Inferred,633,,2023,FALSE,,,,
85,Cardinal Wamala SS,School,85,,85,Butambala,"0.11923614258981283, 31.994115015108996",,,0.1192361426,31.99411502,,213,84,All We Are #1,Lighting Only,Installed,3/14/2025,,213,84,All We Are #1,Lighting Only,Installed,3/14/2025,,11,2022,633.00,Inferred,633,,2023,FALSE,,,,
86,Kiwaala UMEA PS,School,86,,86,,"0.0727812563196929, 31.866842462471762",,,0.07278125632,31.86684246,,213,85,All We Are #2,Lighting Only,Installed,3/14/2025,,213,85,All We Are #2,Lighting Only,Installed,3/14/2025,,11,2023,633.00,Inferred,633,,2023,TRUE,633.00,,,
87,Nakatooke UMEA PS,School,87,,87,,"0.11345498833282545, 32.044857800787376",,,0.1134549883,32.0448578,,200,86,Mustard Seed Academy SS #2,Lighting Only,Installed,5/16/2025,,200,86,Mustard Seed Academy SS #2,Lighting Only,Installed,5/16/2025,,12,2017,315.00,Calculated,349,,2026,FALSE,,,,
88,Nawango C/U PS,School,88,,88,Butambala,"0.11021457110359154, 32.02463142670702",,,0.1102145711,32.02463143,,211,87,Kanoni Modern C/S P/N #1,Lighting Only,Installed,6/5/2025,,211,87,Kanoni Modern C/S P/N #1,Lighting Only,Installed,6/5/2025,,12,2018,340.00,Calculated,349,,2026,FALSE,,,,
89,Bulo Parents SS,School,89,,89,,"0.11864076587868344, 31.999104860629497",,,0.1186407659,31.99910486,,204,88,Gomba Parents PS #1,Lighting Only,Installed,6/12/2025,,204,88,Gomba Parents PS #1,Lighting Only,Installed,6/12/2025,,12,2019,298.00,Calculated,349,,2026,FALSE,,,,
90,Kitagobwa SS,School,90,,90,Butambala,"0.10297309196381126, 31.927566751566033",,,0.102973092,31.92756675,,210,89,Aidah And Topher PS #1,Lighting Only,Installed,6/18/2025,,210,89,Aidah And Topher PS #1,Lighting Only,Installed,6/18/2025,,12,2020,349.00,Calculated,349,,2026,FALSE,,,,
91,Butawuka UMEA PS,School,91,,91,Butambala,"0.11258696972303399, 32.01010560832316",,,0.1125869697,32.01010561,,162,90,Bukandula Mixed SS #1,Lighting Only,Installed,6/25/2025,,162,90,Bukandula Mixed SS #1,Lighting Only,Installed,6/25/2025,,12,2021,349.00,Inferred,349,,2026,FALSE,,,,
92,Bule UMEA PS,School,92,,92,,"0.10863638964567704, 31.974737970104545",,,0.1086363896,31.97473797,,214,91,St. Joseph's VS/SS #1,Lighting Only,Installed,7/2/2025,,214,91,St. Joseph's VS/SS #1,Lighting Only,Installed,7/2/2025,,12,2022,349.00,Inferred,349,,2026,FALSE,,,,
93,Nkokooma C/S PS,School,93,,93,,"0.10600783404685961, 31.9507158207815",,,0.106007834,31.95071582,,214,92,St. Joseph's VS/SS #2,Lighting Only,Installed,7/2/2025,,214,92,St. Joseph's VS/SS #2,Lighting Only,Installed,7/2/2025,,12,2023,349.00,Inferred,349,,2026,FALSE,,,,
94,Kitagobwa C/S PS,School,94,,94,,"0.0952272279750871, 31.93326964035776",,,0.09522722798,31.93326964,,150,93,Mpenja SS #1,Lighting Only,Installed,7/9/2025,,150,93,Mpenja SS #1,Lighting Only,Installed,7/9/2025,,12,2024,349.00,Inferred,349,,2026,FALSE,,,,
95,Bugobango C/U PS,School,95,,95,,,,,#VALUE!,#VALUE!,,153,94,Kyayi Seed SS #1,Lighting Only,Installed,7/16/2025,,153,94,Kyayi Seed SS #1,Lighting Only,Installed,7/16/2025,,12,2025,349.00,Inferred,349,,2026,FALSE,,,,
96,Kitagobwa UMEA PS,School,96,,96,,"0.10243940200921828, 31.927577161401743",,,0.102439402,31.92757716,,187,95,St. Leonard's SS #1,Lighting/USB Charging,Installed,10/20/2025,,187,95,St. Leonard's SS #1,Lighting/USB Charging,Installed,10/20/2025,,12,2026,349.00,Inferred,349,,2026,TRUE,349.00,,,
97,Bulo Quran PS,School,97,,97,Butambala,"0.11577, 31.99839",,,0.11577,31.99839,,189,96,Kisozi Seed SS #1,Lighting/USB Charging,Installed,10/27/2025,,189,96,Kisozi Seed SS #1,Lighting/USB Charging,Installed,10/27/2025,,14,2017,180.00,Calculated,301,,2023,FALSE,,,,
98,Bulo C/S PS,School,98,,98,Butambala,"0.11554, 31.99610",,,0.11554,31.9961,,215,97,St. Maria Goretti PS #1,Lighting Only,Installed,11/8/2025,,215,97,St. Maria Goretti PS #1,Lighting Only,Installed,11/8/2025,,14,2018,214.00,Calculated,301,,2023,FALSE,,,,
99,Bwetyaba UMEA PS,School,99,,99,Butambala,"0.07669294389334638, 31.938332965612627",,,0.07669294389,31.93833297,,215,98,St. Maria Goretti PS #2,Loads,Installed,11/8/2025,,215,98,St. Maria Goretti PS #2,Loads,Installed,11/8/2025,,14,2019,225.00,Calculated,301,,2023,FALSE,,,,
100,Waduduma PS,School,100,,100,,,,,#VALUE!,#VALUE!,,216,99,Hillside PS #1,Lighting Only,Installed,11/4/2025,,216,99,Hillside PS #1,Lighting Only,Installed,11/4/2025,,14,2020,301.00,Calculated,301,,2023,FALSE,,,,
101,Butende UMEA PS,School,101,,101,,,,,#VALUE!,#VALUE!,,217,100,Vision Park Junior PS #1,Lighting/USB Charging,Installed,1/2/2026,,217,100,Vision Park Junior PS #1,Lighting/USB Charging,Installed,1/2/2026,,14,2021,301.00,Inferred,301,,2023,FALSE,,,,
102,Bulo HC II,Health Centre,102,,102,,,,,#VALUE!,#VALUE!,,200,101,Mustard Seed Academy PS Dormitory #3,Lighting/USB Charging,Installed,1/2/2026,,200,101,Mustard Seed Academy PS Dormitory #3,Lighting/USB Charging,Installed,1/2/2026,,14,2022,301.00,Inferred,301,,2023,FALSE,,,,
103,Bulo HC III,Health Centre,103,,103,Butambala,"0.1132195356143764, 31.998843355928518",,,0.1132195356,31.99884336,,,,,,,,,,,,,,,,14,2023,301.00,Inferred,301,,2023,TRUE,301.00,,,
104,Ngando HC III,Health Centre,104,,104,Butambala,"0.07585647329221862, 31.925437936171036",,,0.07585647329,31.92543794,,,,,,,,,,,,,,,,15,2017,471.00,Calculated,511,,2026,FALSE,,,,
105,Kyabadaza HC III,Health Centre,105,,105,,"0.1209112570014584, 32.18190175541943",,,0.120911257,32.18190176,,,,,,,,,,,,,,,,15,2018,484.00,Calculated,511,,2026,FALSE,,,,
106,Kyambala Moslem PS,School,106,,106,Kalungu,"-0.15252123868528306, 31.80362391594264",,,-0.1525212387,31.80362392,,,,,,,,,,,,,,,,15,2019,475.00,Calculated,511,,2026,FALSE,,,,
107,Kyambala R/C PS,School,107,,107,Kalungu,"-0.15578749220322632, 31.801446405754273",,,-0.1557874922,31.80144641,,,,,,,,,,,,,,,,15,2020,475.00,Inferred,511,,2026,FALSE,,,,
108,Namwanzi PS,School,108,,108,Kalungu,"-0.23794, 31.83046",,,-0.23794,31.83046,,,,,,,,,,,,,,,,15,2021,0.00,Calculated,511,,2026,FALSE,,,,
109,Bukulula M PS,School,109,,109,,,,,#VALUE!,#VALUE!,,,,,,,,,,,,,,,,15,2022,440.00,Calculated,511,,2026,FALSE,,,,
110,Kamutuuza Tower PS,School,110,,110,Kalungu,"-0.24161, 31.82953",,,-0.24161,31.82953,,,,,,,,,,,,,,,,15,2023,461.00,Calculated,511,,2026,FALSE,,,,
111,St. Joseph Kalangala PS,School,111,,111,Kalungu,"-0.15417, 31.87530",,,-0.15417,31.8753,,,,,,,,,,,,,,,,15,2024,491.00,Calculated,511,,2026,FALSE,,,,
112,Bugonzi R/C PS,School,112,,112,Kalungu,"-0.24920720644961758, 31.824797601395936",,,-0.2492072064,31.8247976,,,,,,,,,,,,,,,,15,2025,511.00,Calculated,511,,2026,FALSE,,,,
113,Kiticope PS,School,113,,113,Kalungu,"-0.07793915489035481, 31.866126005453552",,,-0.07793915489,31.86612601,,,,,,,,,,,,,,,,15,2026,511.00,Inferred,511,,2026,TRUE,511.00,,,
114,Kiwoomya PS,School,114,,114,Kalungu,"-0.09208, 31.86676",,,-0.09208,31.86676,,,,,,,,,,,,,,,,16,2017,137.00,Calculated,305,,2026,FALSE,,,,
115,Kyato R/C PS,School,115,,115,Kalungu,"-0.19804, 31.72115",,,-0.19804,31.72115,,,,,,,,,,,,,,,,16,2018,181.00,Calculated,305,,2026,FALSE,,,,
116,Kabukunge Demonstration PS,School,116,,116,Kalungu,"-0.19972, 31.75321",,,-0.19972,31.75321,,,,,,,,,,,,,,,,16,2019,190.00,Calculated,305,,2026,FALSE,,,,
117,Kabungo PS,School,117,,117,Kalungu,"-0.15088029464901268, 31.77741919352805",,,-0.1508802946,31.77741919,,,,,,,,,,,,,,,,16,2020,217.00,Calculated,305,,2026,FALSE,,,,
118,Bulawula PS,School,118,,118,Kalungu,"-0.17723, 31.78805",,,-0.17723,31.78805,,,,,,,,,,,,,,,,16,2021,0.00,Calculated,305,,2026,FALSE,,,,
119,Kalongo C/U PS,School,119,,119,,,,,#VALUE!,#VALUE!,,,,,,,,,,,,,,,,16,2022,170.00,Calculated,305,,2026,FALSE,,,,
120,Mapeera SS,School,120,,120,,,,,#VALUE!,#VALUE!,,,,,,,,,,,,,,,,16,2023,216.00,Calculated,305,,2026,FALSE,,,,
121,Kigasa Baptist PS,School,121,,121,Kalungu,"-0.07079, 31.79914",,,-0.07079,31.79914,,,,,,,,,,,,,,,,16,2024,295.00,Calculated,305,,2026,FALSE,,,,
122,Kitulikizi PS,School,122,,122,Kalungu,"-0.08224461860985825, 31.749140456131297",,,-0.08224461861,31.74914046,,,,,,,,,,,,,,,,16,2025,305.00,Calculated,305,,2026,FALSE,,,,
123,St. Gertrude Kyamulibwa Girls PS,School,123,,123,Kalungu,"-0.07803, 31.75107",,,-0.07803,31.75107,,,,,,,,,,,,,,,,16,2026,305.00,Inferred,305,,2026,TRUE,305.00,,,
124,Kabaale Lukaya C/U PS,School,124,,124,Kalungu,"0.15800, 31.81800",,,0.158,31.818,,,,,,,,,,,,,,,,17,2017,256.00,Calculated,389,,2026,FALSE,,,,
125,St. Kizito Kyam PS,School,125,,125,Kalungu,"-0.08297291621774719, 31.75671479531341",,,-0.08297291622,31.7567148,,,,,,,,,,,,,,,,17,2018,293.00,Calculated,389,,2026,FALSE,,,,
126,Kisaana SS,School,126,,126,,,,,#VALUE!,#VALUE!,,,,,,,,,,,,,,,,17,2019,302.00,Calculated,389,,2026,FALSE,,,,
127,Kiwaawo Muslim PS,School,127,,127,Kalungu,"-0.1079621366788804, 31.785856243575587",,,-0.1079621367,31.78585624,,,,,,,,,,,,,,,,17,2020,349.00,Calculated,389,,2026,FALSE,,,,
128,Kitosi Muslim Theological Institute PS,School,128,,128,Kalungu,"-0.18868, 31.66307",,,-0.18868,31.66307,,,,,,,,,,,,,,,,17,2021,0.00,Calculated,389,,2026,FALSE,,,,
129,Bwesa PS,School,129,,129,,,,,#VALUE!,#VALUE!,,,,,,,,,,,,,,,,17,2022,357.00,Calculated,389,,2026,FALSE,,,,
130,St. John Ttowa PS,School,130,,130,,,,,#VALUE!,#VALUE!,,,,,,,,,,,,,,,,17,2023,641.00,Calculated,389,,2026,FALSE,,,,
131,Kapere Parents PS,School,131,,131,Kalungu,"-0.15417, 31.87530",,,-0.15417,31.8753,,,,,,,,,,,,,,,,17,2024,381.00,Calculated,389,,2026,FALSE,,,,
132,Kalungi C/U PS,School,132,,132,,,,,#VALUE!,#VALUE!,,,,,,,,,,,,,,,,17,2025,389.00,Calculated,389,,2026,FALSE,,,,
133,Kapere Memorial PS,School,133,,133,Kalungu,"-0.15691, 31.86996",,,-0.15691,31.86996,,,,,,,,,,,,,,,,17,2026,389.00,Inferred,389,,2026,TRUE,389.00,,,
134,Bajja P7 PS,School,134,,134,Kalungu,"-0.16093, 31.86529",,,-0.16093,31.86529,,,,,,,,,,,,,,,,18,2017,226.00,Calculated,208,,2026,FALSE,,,,
135,Bukulula HC IV,Health Centre,135,,135,Kalungu,"-0.18089285974177072, 31.84529173546293",,,-0.1808928597,31.84529174,,,,,,,,,,,,,,,,18,2018,194.00,Calculated,208,,2026,FALSE,,,,
136,Kiti HC III,Health Centre,136,,136,Kalungu,"-0.08031980336784357, 31.866745207104096",,,-0.08031980337,31.86674521,,,,,,,,,,,,,,,,18,2019,210.00,Calculated,208,,2026,FALSE,,,,
137,Kyambala HC,Health Centre,137,,137,Kalungu,"-0.13112, 31.82904",,,-0.13112,31.82904,,,,,,,,,,,,,,,,18,2020,208.00,Calculated,208,,2026,FALSE,,,,
138,Nabutongwa HC II,Health Centre,138,,138,Kalungu,"-0.1996698629628177, 31.75263498769503",,,-0.199669863,31.75263499,,,,,,,,,,,,,,,,18,2021,208.00,Inferred,208,,2026,FALSE,,,,
139,Kalungu HC III,Health Centre,139,,139,Kalungu,"-0.17130, 31.75855",,,-0.1713,31.75855,,,,,,,,,,,,,,,,18,2022,208.00,Inferred,208,,2026,FALSE,,,,
140,Kigaaju HC II,Health Centre,140,,140,Kalungu,"-0.012183295754581745, 31.740595415344675",,,-0.01218329575,31.74059542,,,,,,,,,,,,,,,,18,2023,208.00,Inferred,208,,2026,FALSE,,,,
141,Kasambya (Kalungu) HC III,Health Centre,141,,141,,,,,#VALUE!,#VALUE!,,,,,,,,,,,,,,,,18,2024,208.00,Inferred,208,,2026,FALSE,,,,
142,Kiragga HC III,Health Centre,142,,142,Kalungu,"-0.07862, 31.74773",,,-0.07862,31.74773,,,,,,,,,,,,,,,,18,2025,208.00,Inferred,208,,2026,FALSE,,,,
143,Kabaale HC III,Health Centre,143,,143,Kalungu,"-0.09471, 31.81289",,,-0.09471,31.81289,,,,,,,,,,,,,,,,18,2026,208.00,Inferred,208,,2026,TRUE,208.00,,,
144,Kyamulibwa HC III,Health Centre,144,,144,,"-0.078717228978193, 31.747543279763715",,,-0.07871722898,31.74754328,,,,,,,,,,,,,,,,19,2018,"10,544.00",Calculated,9900,,2026,FALSE,,,,
145,Kigasa HC II,Health Centre,145,,145,,,,,#VALUE!,#VALUE!,,,,,,,,,,,,,,,,19,2019,"10,544.00",Calculated,9900,,2026,FALSE,,,,
146,Lukaya HC III,Health Centre,146,,146,,,,,#VALUE!,#VALUE!,,,,,,,,,,,,,,,,19,2020,"5,984.00",Calculated,9900,,2026,FALSE,,,,
147,Mpongo C/U PS,School,147,,147,Gomba,"0.18713, 32.03866",,,0.18713,32.03866,,,,,,,,,,,,,,,,19,2021,"6,497.00",Calculated,9900,,2026,FALSE,,,,
148,Nakulamudde PS,School,148,,148,,,,,#VALUE!,#VALUE!,,,,,,,,,,,,,,,,19,2022,"6,500.00",Calculated,9900,,2026,FALSE,,,,
149,Busolo C/U PS,School,149,,149,,,,,#VALUE!,#VALUE!,,,,,,,,,,,,,,,,19,2023,"7,400.00",Calculated,9900,,2026,FALSE,,,,
150,Mpenja SS,School,150,,150,Gomba,"0.22446801701869717, 32.052420229275",,,0.224468017,32.05242023,,,,,,,,,,,,,,,,19,2024,"9,800.00",Calculated,9900,,2026,FALSE,,,,
151,Kasaka PS,School,151,,151,Gomba,"0.1884751064299867, 31.898518189612904",,,0.1884751064,31.89851819,,,,,,,,,,,,,,,,19,2025,"9,900.00",Calculated,9900,,2026,FALSE,,,,
152,Kunda Brain Trust PS,School,152,,152,,,,,#VALUE!,#VALUE!,,,,,,,,,,,,,,,,19,2026,"9,900.00",Inferred,9900,,2026,TRUE,"9,900.00",,,
153,Kyayi Seed SS,School,153,,153,Gomba,"0.21451, 31.39893",,,0.21451,31.39893,,,,,,,,,,,,,,,,20,2018,213.00,Calculated,212,,2026,FALSE,,,,
154,Kimuwanyi PS,School,154,,154,Gomba,"0.19266, 32.00036",,,0.19266,32.00036,,,,,,,,,,,,,,,,20,2019,214.00,Calculated,212,,2026,FALSE,,,,
155,Ndoddo C/U PS,School,155,,155,Gomba,"0.12337063555125781, 31.98177512719723",,,0.1233706356,31.98177513,,,,,,,,,,,,,,,,20,2020,212.00,Calculated,212,,2026,FALSE,,,,
156,Ssaali PS,School,156,,156,,,,,#VALUE!,#VALUE!,,,,,,,,,,,,,,,,20,2021,0.00,Calculated,212,,2026,FALSE,,,,
157,Nakiju PS,School,157,,157,Gomba,"0.16221336738229641, 31.915695473070965",,,0.1622133674,31.91569547,,,,,,,,,,,,,,,,20,2022,0.00,Calculated,212,,2026,FALSE,,,,
158,Kirungu PS,School,158,,158,Gomba,"0.15506, 31.89503",,,0.15506,31.89503,,,,,,,,,,,,,,,,20,2023,0.00,Calculated,212,,2026,FALSE,,,,
159,Nsambwe C/U PS,School,159,,159,Gomba,"0.14694, 31.88979",,,0.14694,31.88979,,,,,,,,,,,,,,,,20,2024,212.00,Inferred,212,,2026,FALSE,,,,
160,Bukandula Umea PS,School,160,,160,Gomba,"0.17285, 31.84392",,,0.17285,31.84392,,,,,,,,,,,,,,,,20,2025,212.00,Inferred,212,,2026,FALSE,,,,
161,Kiribedda PS,School,161,,161,Gomba,"0.14544, 31.89147",,,0.14544,31.89147,,,,,,,,,,,,,,,,20,2026,212.00,Inferred,212,,2026,TRUE,212.00,,,
162,Bukandula Mixed SS,School,162,,162,Gomba,"0.16821046769081874, 31.83270331495879",,,0.1682104677,31.83270331,,,,,,,,,,,,,,,,21,2018,149.00,Calculated,738,,2026,FALSE,,,,
163,Kalwanga PS,School,163,,163,Gomba,"0.13323701223084095, 31.783403908496595",,,0.1332370122,31.78340391,,,,,,,,,,,,,,,,21,2019,185.00,Calculated,738,,2026,FALSE,,,,
164,Maddu C/S PS,School,164,,164,Gomba,"0.2166348610875326, 31.666783036320126",,,0.2166348611,31.66678304,,,,,,,,,,,,,,,,21,2020,285.00,Calculated,738,,2026,FALSE,,,,
165,Kigezi-Kiwumulo C/U PS,School,165,,165,Gomba,"0.27457641339464145, 31.60626609165994",,,0.2745764134,31.60626609,,,,,,,,,,,,,,,,21,2021,285.00,Inferred,738,,2026,FALSE,,,,
166,Lwansasi C/U PS,School,166,,166,Gomba,"0.24184, 31.63101",,,0.24184,31.63101,,,,,,,,,,,,,,,,21,2022,328.00,Calculated,738,,2026,FALSE,,,,
167,Ngomanene HC III,Health Centre,167,,167,Gomba,"0.2170071520379399, 31.9986459271497",,,0.217007152,31.99864593,,,,,,,,,,,,,,,,21,2023,440.00,Calculated,738,,2026,FALSE,,,,
168,Mpenja HC III,Health Centre,168,,168,Gomba,"0.2238863018256405, 32.05212389462284",,,0.2238863018,32.05212389,,,,,,,,,,,,,,,,21,2024,605.00,Calculated,738,,2026,FALSE,,,,
169,Kanziira HC II,Health Centre,169,,169,,,,,#VALUE!,#VALUE!,,,,,,,,,,,,,,,,21,2025,738.00,Calculated,738,,2026,FALSE,,,,
170,Ngeribalya HC II,Health Centre,170,,170,Gomba,"0.15020755704176933, 32.01784274474285",,,0.150207557,32.01784274,,,,,,,,,,,,,,,,21,2026,738.00,Inferred,738,,2026,TRUE,738.00,,,
171,Kanoni HC III,Health Centre,171,,171,Gomba,"0.17011188416666634, 31.905192229280704",,,0.1701118842,31.90519223,,,,,,,,,,,,,,,,22,2018,396.00,Calculated,310,,2026,FALSE,,,,
172,Kawerimidde HC II,Health Centre,172,,172,,,,,#VALUE!,#VALUE!,,,,,,,,,,,,,,,,22,2019,327.00,Calculated,310,,2026,FALSE,,,,
173,Namabeya HC II,Health Centre,173,,173,Gomba,"0.14400113460122432, 31.883897770183253",,,0.1440011346,31.88389777,,,,,,,,,,,,,,,,22,2020,344.00,Calculated,310,,2026,FALSE,,,,
174,Bukalagi HC III (PNFP),Health Centre,174,,174,,,,,#VALUE!,#VALUE!,,,,,,,,,,,,,,,,22,2021,0.00,Calculated,310,,2026,FALSE,,,,
175,Rapha MC HC (PNFP),Health Centre,175,,175,,,,,#VALUE!,#VALUE!,,,,,,,,,,,,,,,,22,2022,358.00,Calculated,310,,2026,FALSE,,,,
176,Mamba HC III,Health Centre,176,,176,Gomba,"0.2528746692741729, 31.824282843101265",,,0.2528746693,31.82428284,,,,,,,,,,,,,,,,22,2023,310.00,Calculated,310,,2026,FALSE,,,,
177,Bulwadda HC II,Health Centre,177,,177,,,,,#VALUE!,#VALUE!,,,,,,,,,,,,,,,,22,2024,310.00,Inferred,310,,2026,FALSE,,,,
178,Mawuki HC II,Health Centre,178,,178,Gomba,"0.11566707377171573, 31.86889940173333",,,0.1156670738,31.8688994,,,,,,,,,,,,,,,,22,2025,310.00,Inferred,310,,2026,FALSE,,,,
179,Kisozi HC III,Health Centre,179,,179,,,,,#VALUE!,#VALUE!,,,,,,,,,,,,,,,,22,2026,310.00,Inferred,310,,2026,TRUE,310.00,,,
180,Kasambya HC II,Health Centre,180,,180,,,,,#VALUE!,#VALUE!,,,,,,,,,,,,,,,,23,2018,265.00,Calculated,237,,2025,FALSE,,,,
181,Buyanja HC II,Health Centre,181,,181,Gomba,"0.18095, 31.49552",,,0.18095,31.49552,,,,,,,,,,,,,,,,23,2019,251.00,Calculated,237,,2025,FALSE,,,,
182,Kyayi HC III,Health Centre,182,,182,Gomba,"0.21640, 31.39673",,,0.2164,31.39673,,,,,,,,,,,,,,,,23,2020,256.00,Calculated,237,,2025,FALSE,,,,
183,Kifampa HC III,Health Centre,183,,183,Gomba,"0.12171043130412852, 31.760112153189997",,,0.1217104313,31.76011215,,,,,,,,,,,,,,,,23,2021,0.00,Calculated,237,,2025,FALSE,,,,
184,Kitwe HC II,Health Centre,184,,184,Gomba,"0.2170646997014763, 31.667724102543943",,,0.2170646997,31.6677241,,,,,,,,,,,,,,,,23,2022,290.00,Calculated,237,,2025,FALSE,,,,
185,Maddu HC IV,Health Centre,185,,185,Gomba,"0.21294069993101414, 31.669091543856222",,,0.2129406999,31.66909154,,,,,,,,,,,,,,,,23,2023,237.00,Calculated,237,,2025,FALSE,,,,
186,Kasaka SSS,School,186,,186,Gomba,"0.18439681566284538, 31.901187131128054",,,0.1843968157,31.90118713,,,,,,,,,,,,,,,,23,2024,237.00,Inferred,237,,2025,FALSE,,,,
187,St. Leonard's SS,School,187,,187,Gomba,"0.209640781035405, 31.67042415679149",,,0.209640781,31.67042416,,,,,,,,,,,,,,,,23,2025,237.00,Inferred,237,,2025,TRUE,237.00,,,
188,Buyinjabutoole PS,School,188,,188,Gomba,"0.22279612639769725, 32.05561902297516",,,0.2227961264,32.05561902,,,,,,,,,,,,,,,,24,2018,791.00,Calculated,843,,2026,FALSE,,,,
189,Kisozi Seed SS,School,189,,189,Gomba,"0.07147331414145795, 31.598613791264945",,,0.07147331414,31.59861379,,,,,,,,,,,,,,,,24,2019,728.00,Calculated,843,,2026,FALSE,,,,
190,Bukandula C/U PS,School,190,,190,,,,,#VALUE!,#VALUE!,,,,,,,,,,,,,,,,24,2020,726.00,Calculated,843,,2026,FALSE,,,,
191,Kyabagamba PS,School,191,,191,,,,,#VALUE!,#VALUE!,,,,,,,,,,,,,,,,24,2021,0.00,Calculated,843,,2026,FALSE,,,,
192,Mamba C/U PS,School,192,,192,,,,,#VALUE!,#VALUE!,,,,,,,,,,,,,,,,24,2022,852.00,Calculated,843,,2026,FALSE,,,,
193,Kisozi Boarding PS,School,193,,193,Gomba,"0.07797566989644518, 31.590144422231127",,,0.0779756699,31.59014442,,,,,,,,,,,,,,,,24,2023,843.00,Calculated,843,,2026,FALSE,,,,
194,St. Joseph Kayanja PS,School,194,,194,Kalungu,"-0.16489, 31.86312",,,-0.16489,31.86312,,,,,,,,,,,,,,,,24,2024,843.00,Inferred,843,,2026,FALSE,,,,
195,Novic PS,School,195,,195,Kalungu,"-0.1518799672465151, 31.865008962347122",,,-0.1518799672,31.86500896,,,,,,,,,,,,,,,,24,2025,843.00,Inferred,843,,2026,FALSE,,,,
196,Kings High School SS,School,196,,196,Kalungu,"-0.10426, 31.88257",,,-0.10426,31.88257,,,,,,,,,,,,,,,,24,2026,843.00,Inferred,843,,2026,TRUE,843.00,,,
197,St. Jude PS,School,197,,197,Kalungu,"-0.13550, 31.89557",,,-0.1355,31.89557,,,,,,,,,,,,,,,,25,2018,592.00,Calculated,701,,2026,FALSE,,,,
198,Lyna Infants PS,School,198,,198,Kalungu,"-0.14444, 31.87818",,,-0.14444,31.87818,,,,,,,,,,,,,,,,25,2019,632.00,Calculated,701,,2026,FALSE,,,,
199,Nnunda PS,School,199,,199,Kalungu,"-0.02510, 31.79351",,,-0.0251,31.79351,,,,,,,,,,,,,,,,25,2020,570.00,Calculated,701,,2026,FALSE,,,,
200,Mustard Seed Academy PS/SS/N,School,200,,200,Kalungu,"-0.16061744615813445, 31.880425277524857",,,-0.1606174462,31.88042528,,,,,,,,,,,,,,,,25,2021,725.00,Calculated,701,,2026,FALSE,,,,
201,Waggwa High School SS,School,201,,201,Kalungu,"-0.13849, 31.88668",,,-0.13849,31.88668,,,,,,,,,,,,,,,,25,2022,503.00,Calculated,701,,2026,FALSE,,,,
202,Kabulasoke SS,School,202,,202,,,,,#VALUE!,#VALUE!,,,,,,,,,,,,,,,,25,2023,618.00,Calculated,701,,2026,FALSE,,,,
203,Kasaka Child Development,School,203,,203,Gomba,"0.1884751064299867, 31.898518189612904",,,0.1884751064,31.89851819,,,,,,,,,,,,,,,,25,2024,706.00,Calculated,701,,2026,FALSE,,,,
204,Gomba Parents PS,School,204,,204,Gomba,"0.16366181335579397, 31.910778997005387",,,0.1636618134,31.910779,,,,,,,,,,,,,,,,25,2025,701.00,Calculated,701,,2026,FALSE,,,,
205,Uganda Martyrs SSS,School,205,,205,Gomba,"0.1762745754990052, 31.8569273011181",,,0.1762745755,31.8569273,,,,,,,,,,,,,,,,25,2026,701.00,Inferred,701,,2026,TRUE,701.00,,,
206,St. Ann Learning Center,School,206,,206,,,,,#VALUE!,#VALUE!,,,,,,,,,,,,,,,,26,2019,134.00,Calculated,73,,2026,FALSE,,,,
207,Bukandula Parents PS,School,207,,207,,"0.16993096612445563, 31.83331951262961",,,0.1699309661,31.83331951,,,,,,,,,,,,,,,,26,2020,93.00,Calculated,73,,2026,FALSE,,,,
208,Buty'Omuddo Junior,School,208,,208,,,,,#VALUE!,#VALUE!,,,,,,,,,,,,,,,,26,2021,138.00,Calculated,73,,2026,FALSE,,,,
209,St. John's Kasaka PS,School,209,,209,,,,,#VALUE!,#VALUE!,,,,,,,,,,,,,,,,26,2022,134.00,Calculated,73,,2026,FALSE,,,,
210,Aidah And Topher PS,School,210,,210,Gomba,"0.17428544942086127, 31.91015049417841",,,0.1742854494,31.91015049,,,,,,,,,,,,,,,,26,2023,104.00,Calculated,73,,2026,FALSE,,,,
211,Kanoni Modern C/S PS/N,School,211,,211,Gomba,"0.1747284454969942, 31.906933266458957",,,0.1747284455,31.90693327,,,,,,,,,,,,,,,,26,2024,121.00,Calculated,73,,2026,FALSE,,,,
212,Kanoni UMEA PS,School,212,,212,Gomba,"0.17355553853524686, 31.906519724719",,,0.1735555385,31.90651972,,,,,,,,,,,,,,,,26,2025,73.00,Calculated,73,,2026,FALSE,,,,
213,All We Are,N/A,213,,213,Wakiso,"0.18904801655234693, 32.41820991406409",,,0.1890480166,32.41820991,,,,,,,,,,,,,,,,26,2026,73.00,Inferred,73,,2026,TRUE,73.00,,,
214,St. Joseph's VS/SS,School,,,214,Gomba,"0.21489234232271084, 32.04185780572558",,,0.2148923423,32.04185781,,,,,,,,,,,,,,,,27,2019,206.00,Calculated,310,,2026,FALSE,,,,
215,St. Maria Goretti PS,School,,,215,,"0.5761430855883503, 31.71955437174706",,,0.5761430856,31.71955437,,,,,,,,,,,,,,,,27,2020,187.00,Calculated,310,,2026,FALSE,,,,
216,Hillside PS,School,,,216,Gomba,"0.22297357807829282, 31.673943329130143",,,0.2229735781,31.67394333,,,,,,,,,,,,,,,,27,2021,0.00,Calculated,310,,2026,FALSE,,,,
217,Vision Park Junior PS,School,217,,217,Kalungu,"-0.1478538465772722, 31.87759147236952",,,-0.1478538466,31.87759147,,,,,,,,,,,,,,,,27,2022,274.00,Calculated,310,,2026,FALSE,,,,
,,,,,,,,,,,,,,,,,,,,,,,,,,,27,2023,280.00,Calculated,310,,2026,FALSE,,,,
,,,,,,,,,,,,,,,,,,,,,,,,,,,27,2024,303.00,Calculated,310,,2026,FALSE,,,,
,,,,,,,,,,,,,,,,,,,,,,,,,,,27,2025,310.00,Calculated,310,,2026,FALSE,,,,
,,,,,,,,,,,,,,,,,,,,,,,,,,,27,2026,310.00,Inferred,310,,2026,TRUE,310.00,,,
,,,,,,,,,,,,,,,,,,,,,,,,,,,28,2019,220.00,Calculated,211,,2026,FALSE,,,,
,,,,,,,,,,,,,,,,,,,,,,,,,,,28,2020,211.00,Calculated,211,,2026,FALSE,,,,
,,,,,,,,,,,,,,,,,,,,,,,,,,,28,2021,211.00,Inferred,211,,2026,FALSE,,,,
,,,,,,,,,,,,,,,,,,,,,,,,,,,28,2022,211.00,Inferred,211,,2026,FALSE,,,,
,,,,,,,,,,,,,,,,,,,,,,,,,,,28,2023,211.00,Inferred,211,,2026,FALSE,,,,
,,,,,,,,,,,,,,,,,,,,,,,,,,,28,2024,211.00,Inferred,211,,2026,FALSE,,,,
,,,,,,,,,,,,,,,,,,,,,,,,,,,28,2025,211.00,Inferred,211,,2026,FALSE,,,,
,,,,,,,,,,,,,,,,,,,,,,,,,,,28,2026,211.00,Inferred,211,,2026,TRUE,211.00,,,
,,,,,,,,,,,,,,,,,,,,,,,,,,,29,2019,"20,568.00",Calculated,43300,,2026,FALSE,,,,
,,,,,,,,,,,,,,,,,,,,,,,,,,,29,2020,"20,671.00",Calculated,43300,,2026,FALSE,,,,
,,,,,,,,,,,,,,,,,,,,,,,,,,,29,2021,"20,875.00",Calculated,43300,,2026,FALSE,,,,
,,,,,,,,,,,,,,,,,,,,,,,,,,,29,2022,0.00,Calculated,43300,,2026,FALSE,,,,
,,,,,,,,,,,,,,,,,,,,,,,,,,,29,2023,"42,685.00",Calculated,43300,,2026,FALSE,,,,
,,,,,,,,,,,,,,,,,,,,,,,,,,,29,2024,"43,825.00",Calculated,43300,,2026,FALSE,,,,
,,,,,,,,,,,,,,,,,,,,,,,,,,,29,2025,"43,300.00",Calculated,43300,,2026,FALSE,,,,
,,,,,,,,,,,,,,,,,,,,,,,,,,,29,2026,"43,300.00",Inferred,43300,,2026,TRUE,"43,300.00",,,
,,,,,,,,,,,,,,,,,,,,,,,,,,,30,2021,0.00,Calculated,273,,2026,FALSE,,,,
,,,,,,,,,,,,,,,,,,,,,,,,,,,30,2022,225.00,Calculated,273,,2026,FALSE,,,,
,,,,,,,,,,,,,,,,,,,,,,,,,,,30,2023,281.00,Calculated,273,,2026,FALSE,,,,
,,,,,,,,,,,,,,,,,,,,,,,,,,,30,2024,286.00,Calculated,273,,2026,FALSE,,,,
,,,,,,,,,,,,,,,,,,,,,,,,,,,30,2025,273.00,Calculated,273,,2026,FALSE,,,,
,,,,,,,,,,,,,,,,,,,,,,,,,,,30,2026,273.00,Inferred,273,,2026,TRUE,273.00,,,
,,,,,,,,,,,,,,,,,,,,,,,,,,,31,2021,222.00,Calculated,241,,2026,FALSE,,,,
,,,,,,,,,,,,,,,,,,,,,,,,,,,31,2022,279.00,Calculated,241,,2026,FALSE,,,,
,,,,,,,,,,,,,,,,,,,,,,,,,,,31,2023,332.00,Calculated,241,,2026,FALSE,,,,
,,,,,,,,,,,,,,,,,,,,,,,,,,,31,2024,303.00,Calculated,241,,2026,FALSE,,,,
,,,,,,,,,,,,,,,,,,,,,,,,,,,31,2025,241.00,Calculated,241,,2026,FALSE,,,,
,,,,,,,,,,,,,,,,,,,,,,,,,,,31,2026,241.00,Inferred,241,,2026,TRUE,241.00,,,
,,,,,,,,,,,,,,,,,,,,,,,,,,,32,2021,0.00,Calculated,232,,2026,FALSE,,,,
,,,,,,,,,,,,,,,,,,,,,,,,,,,32,2022,288.00,Calculated,232,,2026,FALSE,,,,
,,,,,,,,,,,,,,,,,,,,,,,,,,,32,2023,350.00,Calculated,232,,2026,FALSE,,,,
,,,,,,,,,,,,,,,,,,,,,,,,,,,32,2024,364.00,Calculated,232,,2026,FALSE,,,,
,,,,,,,,,,,,,,,,,,,,,,,,,,,32,2025,232.00,Calculated,232,,2026,FALSE,,,,
,,,,,,,,,,,,,,,,,,,,,,,,,,,32,2026,232.00,Inferred,232,,2026,TRUE,232.00,,,
,,,,,,,,,,,,,,,,,,,,,,,,,,,33,2021,40.00,Calculated,244,,2026,FALSE,,,,
,,,,,,,,,,,,,,,,,,,,,,,,,,,33,2022,216.00,Calculated,244,,2026,FALSE,,,,
,,,,,,,,,,,,,,,,,,,,,,,,,,,33,2023,244.00,Calculated,244,,2026,FALSE,,,,
,,,,,,,,,,,,,,,,,,,,,,,,,,,33,2024,244.00,Inferred,244,,2026,FALSE,,,,
,,,,,,,,,,,,,,,,,,,,,,,,,,,33,2025,244.00,Inferred,244,,2026,FALSE,,,,
,,,,,,,,,,,,,,,,,,,,,,,,,,,33,2026,244.00,Inferred,244,,2026,TRUE,244.00,,,
,,,,,,,,,,,,,,,,,,,,,,,,,,,40,2021,357.00,Inferred,357,,2026,FALSE,,,,
,,,,,,,,,,,,,,,,,,,,,,,,,,,40,2022,357.00,Inferred,357,,2026,FALSE,,,,
,,,,,,,,,,,,,,,,,,,,,,,,,,,40,2023,357.00,Inferred,357,,2026,FALSE,,,,
,,,,,,,,,,,,,,,,,,,,,,,,,,,40,2024,357.00,Inferred,357,,2026,FALSE,,,,
,,,,,,,,,,,,,,,,,,,,,,,,,,,40,2025,357.00,Inferred,357,,2026,FALSE,,,,
,,,,,,,,,,,,,,,,,,,,,,,,,,,40,2026,357.00,Inferred,357,,2026,TRUE,357.00,,,
,,,,,,,,,,,,,,,,,,,,,,,,,,,41,2021,97.00,Calculated,206,,2026,FALSE,,,,
,,,,,,,,,,,,,,,,,,,,,,,,,,,41,2022,235.00,Calculated,206,,2026,FALSE,,,,
,,,,,,,,,,,,,,,,,,,,,,,,,,,41,2023,192.00,Calculated,206,,2026,FALSE,,,,
,,,,,,,,,,,,,,,,,,,,,,,,,,,41,2024,138.00,Calculated,206,,2026,FALSE,,,,
,,,,,,,,,,,,,,,,,,,,,,,,,,,41,2025,206.00,Calculated,206,,2026,FALSE,,,,
,,,,,,,,,,,,,,,,,,,,,,,,,,,41,2026,206.00,Inferred,206,,2026,TRUE,206.00,,,
,,,,,,,,,,,,,,,,,,,,,,,,,,,45,2021,174.00,Inferred,115,,2026,FALSE,,,,
,,,,,,,,,,,,,,,,,,,,,,,,,,,45,2022,217.00,Calculated,115,,2026,FALSE,,,,
,,,,,,,,,,,,,,,,,,,,,,,,,,,45,2023,215.00,Calculated,115,,2026,FALSE,,,,
,,,,,,,,,,,,,,,,,,,,,,,,,,,45,2024,122.00,Calculated,115,,2026,FALSE,,,,
,,,,,,,,,,,,,,,,,,,,,,,,,,,45,2025,115.00,Calculated,115,,2026,FALSE,,,,
,,,,,,,,,,,,,,,,,,,,,,,,,,,45,2026,115.00,Inferred,115,,2026,TRUE,115.00,,,
,,,,,,,,,,,,,,,,,,,,,,,,,,,48,2021,0.00,Calculated,69,,2026,FALSE,,,,
,,,,,,,,,,,,,,,,,,,,,,,,,,,48,2022,142.00,Calculated,69,,2026,FALSE,,,,
,,,,,,,,,,,,,,,,,,,,,,,,,,,48,2023,137.00,Calculated,69,,2026,FALSE,,,,
,,,,,,,,,,,,,,,,,,,,,,,,,,,48,2024,87.00,Calculated,69,,2026,FALSE,,,,
,,,,,,,,,,,,,,,,,,,,,,,,,,,48,2025,69.00,Calculated,69,,2026,FALSE,,,,
,,,,,,,,,,,,,,,,,,,,,,,,,,,48,2026,69.00,Inferred,69,,2026,TRUE,69.00,,,
,,,,,,,,,,,,,,,,,,,,,,,,,,,52,2021,927.00,Inferred,927,,2026,FALSE,,,,
,,,,,,,,,,,,,,,,,,,,,,,,,,,52,2022,927.00,Inferred,927,,2026,FALSE,,,,
,,,,,,,,,,,,,,,,,,,,,,,,,,,52,2023,927.00,Inferred,927,,2026,FALSE,,,,
,,,,,,,,,,,,,,,,,,,,,,,,,,,52,2024,927.00,Inferred,927,,2026,FALSE,,,,
,,,,,,,,,,,,,,,,,,,,,,,,,,,52,2025,927.00,Inferred,927,,2026,FALSE,,,,
,,,,,,,,,,,,,,,,,,,,,,,,,,,52,2026,927.00,Inferred,927,,2026,TRUE,927.00,,,
,,,,,,,,,,,,,,,,,,,,,,,,,,,55,2021,722.00,Inferred,471,,2026,FALSE,,,,
,,,,,,,,,,,,,,,,,,,,,,,,,,,55,2022,722.00,Inferred,471,,2026,FALSE,,,,
,,,,,,,,,,,,,,,,,,,,,,,,,,,55,2023,722.00,Inferred,471,,2026,FALSE,,,,
,,,,,,,,,,,,,,,,,,,,,,,,,,,55,2024,485.00,Calculated,471,,2026,FALSE,,,,
,,,,,,,,,,,,,,,,,,,,,,,,,,,55,2025,471.00,Calculated,471,,2026,FALSE,,,,
,,,,,,,,,,,,,,,,,,,,,,,,,,,55,2026,471.00,Inferred,471,,2026,TRUE,471.00,,,
,,,,,,,,,,,,,,,,,,,,,,,,,,,62,2021,613.00,Inferred,507,,2026,FALSE,,,,
,,,,,,,,,,,,,,,,,,,,,,,,,,,62,2022,758.00,Calculated,507,,2026,FALSE,,,,
,,,,,,,,,,,,,,,,,,,,,,,,,,,62,2023,662.00,Calculated,507,,2026,FALSE,,,,
,,,,,,,,,,,,,,,,,,,,,,,,,,,62,2024,618.00,Calculated,507,,2026,FALSE,,,,
,,,,,,,,,,,,,,,,,,,,,,,,,,,62,2025,507.00,Calculated,507,,2026,FALSE,,,,
,,,,,,,,,,,,,,,,,,,,,,,,,,,62,2026,507.00,Inferred,507,,2026,TRUE,507.00,,,
,,,,,,,,,,,,,,,,,,,,,,,,,,,64,2021,818.00,Calculated,577,,2026,FALSE,,,,
,,,,,,,,,,,,,,,,,,,,,,,,,,,64,2022,695.00,Calculated,577,,2026,FALSE,,,,
,,,,,,,,,,,,,,,,,,,,,,,,,,,64,2023,606.00,Calculated,577,,2026,FALSE,,,,
,,,,,,,,,,,,,,,,,,,,,,,,,,,64,2024,592.00,Calculated,577,,2026,FALSE,,,,
,,,,,,,,,,,,,,,,,,,,,,,,,,,64,2025,577.00,Calculated,577,,2026,FALSE,,,,
,,,,,,,,,,,,,,,,,,,,,,,,,,,64,2026,577.00,Inferred,577,,2026,TRUE,577.00,,,
,,,,,,,,,,,,,,,,,,,,,,,,,,,67,2021,896.00,Inferred,1382,,2026,FALSE,,,,
,,,,,,,,,,,,,,,,,,,,,,,,,,,67,2022,896.00,Inferred,1382,,2026,FALSE,,,,
,,,,,,,,,,,,,,,,,,,,,,,,,,,67,2023,896.00,Inferred,1382,,2026,FALSE,,,,
,,,,,,,,,,,,,,,,,,,,,,,,,,,67,2024,896.00,Inferred,1382,,2026,FALSE,,,,
,,,,,,,,,,,,,,,,,,,,,,,,,,,67,2025,"1,382.00",Calculated,1382,,2026,FALSE,,,,
,,,,,,,,,,,,,,,,,,,,,,,,,,,67,2026,"1,382.00",Inferred,1382,,2026,TRUE,"1,382.00",,,
,,,,,,,,,,,,,,,,,,,,,,,,,,,68,2021,481.00,Calculated,655,,2026,FALSE,,,,
,,,,,,,,,,,,,,,,,,,,,,,,,,,68,2022,541.00,Calculated,655,,2026,FALSE,,,,
,,,,,,,,,,,,,,,,,,,,,,,,,,,68,2023,605.00,Calculated,655,,2026,FALSE,,,,
,,,,,,,,,,,,,,,,,,,,,,,,,,,68,2024,609.00,Calculated,655,,2026,FALSE,,,,
,,,,,,,,,,,,,,,,,,,,,,,,,,,68,2025,655.00,Calculated,655,,2026,FALSE,,,,
,,,,,,,,,,,,,,,,,,,,,,,,,,,68,2026,655.00,Inferred,655,,2026,TRUE,655.00,,,
,,,,,,,,,,,,,,,,,,,,,,,,,,,84,2021,"1,397.00",Inferred,1397,,2026,FALSE,,,,
,,,,,,,,,,,,,,,,,,,,,,,,,,,84,2022,"1,397.00",Inferred,1397,,2026,FALSE,,,,
,,,,,,,,,,,,,,,,,,,,,,,,,,,84,2023,"1,397.00",Inferred,1397,,2026,FALSE,,,,
,,,,,,,,,,,,,,,,,,,,,,,,,,,84,2024,"1,397.00",Inferred,1397,,2026,FALSE,,,,
,,,,,,,,,,,,,,,,,,,,,,,,,,,84,2025,"1,397.00",Inferred,1397,,2026,FALSE,,,,
,,,,,,,,,,,,,,,,,,,,,,,,,,,84,2026,"1,397.00",Inferred,1397,,2026,TRUE,"1,397.00",,,
,,,,,,,,,,,,,,,,,,,,,,,,,,,85,2021,564.00,Inferred,518,,2026,FALSE,,,,
,,,,,,,,,,,,,,,,,,,,,,,,,,,85,2022,564.00,Inferred,518,,2026,FALSE,,,,
,,,,,,,,,,,,,,,,,,,,,,,,,,,85,2023,564.00,Inferred,518,,2026,FALSE,,,,
,,,,,,,,,,,,,,,,,,,,,,,,,,,85,2024,407.00,Calculated,518,,2026,FALSE,,,,
,,,,,,,,,,,,,,,,,,,,,,,,,,,85,2025,518.00,Calculated,518,,2026,FALSE,,,,
,,,,,,,,,,,,,,,,,,,,,,,,,,,85,2026,518.00,Inferred,518,,2026,TRUE,518.00,,,
,,,,,,,,,,,,,,,,,,,,,,,,,,,90,2021,769.00,Inferred,713,,2026,FALSE,,,,
,,,,,,,,,,,,,,,,,,,,,,,,,,,90,2022,769.00,Inferred,713,,2026,FALSE,,,,
,,,,,,,,,,,,,,,,,,,,,,,,,,,90,2023,769.00,Inferred,713,,2026,FALSE,,,,
,,,,,,,,,,,,,,,,,,,,,,,,,,,90,2024,741.00,Calculated,713,,2026,FALSE,,,,
,,,,,,,,,,,,,,,,,,,,,,,,,,,90,2025,713.00,Calculated,713,,2026,FALSE,,,,
,,,,,,,,,,,,,,,,,,,,,,,,,,,90,2026,713.00,Inferred,713,,2026,TRUE,713.00,,,
,,,,,,,,,,,,,,,,,,,,,,,,,,,98,2021,258.00,Calculated,616,,2026,FALSE,,,,
,,,,,,,,,,,,,,,,,,,,,,,,,,,98,2022,603.00,Calculated,616,,2026,FALSE,,,,
,,,,,,,,,,,,,,,,,,,,,,,,,,,98,2023,719.00,Calculated,616,,2026,FALSE,,,,
,,,,,,,,,,,,,,,,,,,,,,,,,,,98,2024,709.00,Calculated,616,,2026,FALSE,,,,
,,,,,,,,,,,,,,,,,,,,,,,,,,,98,2025,616.00,Calculated,616,,2026,FALSE,,,,
,,,,,,,,,,,,,,,,,,,,,,,,,,,98,2026,616.00,Inferred,616,,2026,TRUE,616.00,,,
,,,,,,,,,,,,,,,,,,,,,,,,,,,99,2021,0.00,Calculated,628,,2026,FALSE,,,,
,,,,,,,,,,,,,,,,,,,,,,,,,,,99,2022,419.00,Calculated,628,,2026,FALSE,,,,
,,,,,,,,,,,,,,,,,,,,,,,,,,,99,2023,333.00,Calculated,628,,2026,FALSE,,,,
,,,,,,,,,,,,,,,,,,,,,,,,,,,99,2024,395.00,Calculated,628,,2026,FALSE,,,,
,,,,,,,,,,,,,,,,,,,,,,,,,,,99,2025,628.00,Calculated,628,,2026,FALSE,,,,
,,,,,,,,,,,,,,,,,,,,,,,,,,,99,2026,628.00,Inferred,628,,2026,TRUE,628.00,,,
,,,,,,,,,,,,,,,,,,,,,,,,,,,103,2021,"20,566.00",Inferred,20566,,2026,FALSE,,,,
,,,,,,,,,,,,,,,,,,,,,,,,,,,103,2022,"20,566.00",Inferred,20566,,2026,FALSE,,,,
,,,,,,,,,,,,,,,,,,,,,,,,,,,103,2023,"20,566.00",Inferred,20566,,2026,FALSE,,,,
,,,,,,,,,,,,,,,,,,,,,,,,,,,103,2024,"20,566.00",Inferred,20566,,2026,FALSE,,,,
,,,,,,,,,,,,,,,,,,,,,,,,,,,103,2025,"20,566.00",Inferred,20566,,2026,FALSE,,,,
,,,,,,,,,,,,,,,,,,,,,,,,,,,103,2026,"20,566.00",Inferred,20566,,2026,TRUE,"20,566.00",,,
,,,,,,,,,,,,,,,,,,,,,,,,,,,104,2021,"21,950.00",Inferred,21950,,2026,FALSE,,,,
,,,,,,,,,,,,,,,,,,,,,,,,,,,104,2022,"21,950.00",Inferred,21950,,2026,FALSE,,,,
,,,,,,,,,,,,,,,,,,,,,,,,,,,104,2023,"21,950.00",Inferred,21950,,2026,FALSE,,,,
,,,,,,,,,,,,,,,,,,,,,,,,,,,104,2024,"21,950.00",Inferred,21950,,2026,FALSE,,,,
,,,,,,,,,,,,,,,,,,,,,,,,,,,104,2025,"21,950.00",Inferred,21950,,2026,FALSE,,,,
,,,,,,,,,,,,,,,,,,,,,,,,,,,104,2026,"21,950.00",Inferred,21950,,2026,TRUE,"21,950.00",,,
,,,,,,,,,,,,,,,,,,,,,,,,,,,105,2021,"15,104.00",Calculated,15104,,2026,FALSE,,,,
,,,,,,,,,,,,,,,,,,,,,,,,,,,105,2022,"15,104.00",Inferred,15104,,2026,FALSE,,,,
,,,,,,,,,,,,,,,,,,,,,,,,,,,105,2023,"15,104.00",Inferred,15104,,2026,FALSE,,,,
,,,,,,,,,,,,,,,,,,,,,,,,,,,105,2024,"15,104.00",Inferred,15104,,2026,FALSE,,,,
,,,,,,,,,,,,,,,,,,,,,,,,,,,105,2025,"15,104.00",Inferred,15104,,2026,FALSE,,,,
,,,,,,,,,,,,,,,,,,,,,,,,,,,105,2026,"15,104.00",Inferred,15104,,2026,TRUE,"15,104.00",,,
,,,,,,,,,,,,,,,,,,,,,,,,,,,150,2025,0.00,Calculated,0,,2026,FALSE,,,,
,,,,,,,,,,,,,,,,,,,,,,,,,,,150,2026,0.00,Inferred,0,,2026,TRUE,0.00,,,
,,,,,,,,,,,,,,,,,,,,,,,,,,,153,2025,450.00,Calculated,450,,2026,FALSE,,,,
,,,,,,,,,,,,,,,,,,,,,,,,,,,153,2026,450.00,Inferred,450,,2026,TRUE,450.00,,,
,,,,,,,,,,,,,,,,,,,,,,,,,,,162,2025,815.00,Calculated,815,,2026,FALSE,,,,
,,,,,,,,,,,,,,,,,,,,,,,,,,,162,2026,815.00,Inferred,815,,2026,TRUE,815.00,,,
,,,,,,,,,,,,,,,,,,,,,,,,,,,186,2025,"1,128.00",Calculated,1128,,2026,FALSE,,,,
,,,,,,,,,,,,,,,,,,,,,,,,,,,186,2026,"1,128.00",Inferred,1128,,2026,TRUE,"1,128.00",,,
,,,,,,,,,,,,,,,,,,,,,,,,,,,187,2025,738.00,Calculated,738,,2026,FALSE,,,,
,,,,,,,,,,,,,,,,,,,,,,,,,,,187,2026,738.00,Inferred,738,,2026,TRUE,738.00,,,
,,,,,,,,,,,,,,,,,,,,,,,,,,,189,2025,"1,014.00",Calculated,1014,,2026,FALSE,,,,
,,,,,,,,,,,,,,,,,,,,,,,,,,,189,2026,"1,014.00",Inferred,1014,,2026,TRUE,"1,014.00",,,
,,,,,,,,,,,,,,,,,,,,,,,,,,,200,2024,0.00,Calculated,634,,2026,FALSE,,,,
,,,,,,,,,,,,,,,,,,,,,,,,,,,200,2025,0.00,Calculated,634,,2026,FALSE,,,,
,,,,,,,,,,,,,,,,,,,,,,,,,,,200,2026,634.00,Inferred,634,,2026,TRUE,634.00,,,
,,,,,,,,,,,,,,,,,,,,,,,,,,,204,2025,772.00,Calculated,772,,2026,FALSE,,,,
,,,,,,,,,,,,,,,,,,,,,,,,,,,204,2026,772.00,Inferred,772,,2026,TRUE,772.00,,,
,,,,,,,,,,,,,,,,,,,,,,,,,,,210,2025,577.00,Calculated,577,,2026,FALSE,,,,
,,,,,,,,,,,,,,,,,,,,,,,,,,,210,2026,577.00,Inferred,577,,2026,TRUE,577.00,,,
,,,,,,,,,,,,,,,,,,,,,,,,,,,211,2025,0.00,Calculated,0,,2026,FALSE,,,,
,,,,,,,,,,,,,,,,,,,,,,,,,,,211,2026,0.00,Inferred,0,,2026,TRUE,0.00,,,
,,,,,,,,,,,,,,,,,,,,,,,,,,,214,2025,362.00,Calculated,362,,2026,FALSE,,,,
,,,,,,,,,,,,,,,,,,,,,,,,,,,214,2026,362.00,Inferred,362,,2026,TRUE,362.00,,,
,,,,,,,,,,,,,,,,,,,,,,,,,,,216,2025,176.00,Calculated,176,,2026,FALSE,,,,
,,,,,,,,,,,,,,,,,,,,,,,,,,,216,2026,176.00,Inferred,176,,2026,TRUE,176.00,,,
,,,,,,,,,,,,,,,,,,,,,,,,,,,217,2026,501.00,Inferred,501,,2026,TRUE,501.00,,,